date,open,high,low,close,volume,hold
2018-11-15,2824.0,2848.0,2824.0,2831.0,904.0,422.0
2018-11-16,2834.0,2868.0,2830.0,2844.0,1560.0,730.0
2018-11-19,2850.0,2860.0,2845.0,2849.0,750.0,842.0
2018-11-20,2849.0,2851.0,2831.0,2837.0,1134.0,1070.0
2018-11-21,2841.0,2857.0,2825.0,2850.0,1198.0,1118.0
2018-11-22,2854.0,2854.0,2836.0,2844.0,990.0,1096.0
2018-11-23,2845.0,2848.0,2787.0,2811.0,1388.0,1588.0
2018-11-26,2804.0,2812.0,2721.0,2727.0,3056.0,1782.0
2018-11-27,2709.0,2752.0,2693.0,2714.0,966.0,1590.0
2018-11-28,2731.0,2744.0,2728.0,2740.0,1256.0,1390.0
2018-11-29,2740.0,2765.0,2736.0,2753.0,926.0,1116.0
2018-11-30,2754.0,2756.0,2736.0,2746.0,774.0,1150.0
2018-12-03,2739.0,2775.0,2712.0,2770.0,1032.0,1310.0
2018-12-04,2770.0,2774.0,2717.0,2744.0,2036.0,1348.0
2018-12-05,2748.0,2773.0,2743.0,2770.0,1846.0,1386.0
2018-12-06,2778.0,2786.0,2756.0,2766.0,1992.0,1682.0
2018-12-07,2775.0,2779.0,2751.0,2760.0,2660.0,1446.0
2018-12-10,2760.0,2767.0,2728.0,2741.0,1952.0,1208.0
2018-12-11,2751.0,2752.0,2723.0,2732.0,1130.0,1250.0
2018-12-12,2728.0,2750.0,2719.0,2749.0,1070.0,1248.0
2018-12-13,2750.0,2751.0,2733.0,2751.0,1268.0,1178.0
2018-12-14,2751.0,2751.0,2696.0,2722.0,2288.0,1172.0
2018-12-17,2721.0,2722.0,2704.0,2714.0,974.0,1154.0
2018-12-18,2707.0,2721.0,2706.0,2714.0,116.0,1122.0
2018-12-19,2717.0,2744.0,2717.0,2736.0,686.0,1036.0
2018-12-20,2731.0,2731.0,2715.0,2721.0,586.0,1032.0
2018-12-21,2716.0,2719.0,2701.0,2707.0,638.0,1054.0
2018-12-24,2707.0,2712.0,2665.0,2678.0,1898.0,1284.0
2018-12-25,2681.0,2697.0,2680.0,2689.0,948.0,1258.0
2018-12-26,2687.0,2694.0,2682.0,2691.0,592.0,1272.0
2018-12-27,2691.0,2698.0,2673.0,2680.0,1470.0,1366.0
2018-12-28,2680.0,2689.0,2673.0,2684.0,900.0,1318.0
2019-01-02,2693.0,2707.0,2693.0,2705.0,578.0,1732.0
2019-01-03,2705.0,2709.0,2696.0,2706.0,1152.0,1950.0
2019-01-04,2704.0,2737.0,2704.0,2734.0,1520.0,1874.0
2019-01-07,2737.0,2753.0,2727.0,2742.0,1388.0,2132.0
2019-01-08,2746.0,2747.0,2721.0,2723.0,1152.0,2372.0
2019-01-09,2723.0,2728.0,2718.0,2719.0,972.0,2264.0
2019-01-10,2719.0,2726.0,2708.0,2720.0,1668.0,1802.0
2019-01-11,2711.0,2711.0,2672.0,2674.0,678.0,1950.0
2019-01-14,2670.0,2677.0,2614.0,2617.0,2200.0,2270.0
2019-01-15,2612.0,2627.0,2611.0,2626.0,1258.0,2072.0
2019-01-16,2628.0,2632.0,2584.0,2594.0,4064.0,3458.0
2019-01-17,2599.0,2615.0,2593.0,2606.0,2958.0,4284.0
2019-01-18,2606.0,2646.0,2601.0,2644.0,4576.0,3706.0
2019-01-21,2649.0,2661.0,2639.0,2654.0,2498.0,4154.0
2019-01-22,2656.0,2660.0,2633.0,2647.0,1568.0,4018.0
2019-01-23,2652.0,2659.0,2642.0,2648.0,1898.0,4014.0
2019-01-24,2650.0,2671.0,2650.0,2662.0,1038.0,3744.0
2019-01-25,2662.0,2663.0,2641.0,2647.0,2384.0,3992.0
2019-01-28,2645.0,2659.0,2645.0,2652.0,1244.0,4188.0
2019-01-29,2651.0,2651.0,2615.0,2633.0,938.0,4284.0
2019-01-30,2631.0,2632.0,2622.0,2625.0,878.0,3878.0
2019-01-31,2625.0,2655.0,2625.0,2653.0,1142.0,3552.0
2019-02-01,2647.0,2693.0,2647.0,2669.0,2632.0,2944.0
2019-02-11,2645.0,2685.0,2643.0,2681.0,710.0,2882.0
2019-02-12,2686.0,2700.0,2679.0,2696.0,880.0,2908.0
2019-02-13,2691.0,2703.0,2673.0,2703.0,1650.0,2990.0
2019-02-14,2698.0,2718.0,2679.0,2685.0,3750.0,3674.0
2019-02-15,2685.0,2686.0,2657.0,2659.0,3824.0,4800.0
2019-02-18,2674.0,2679.0,2653.0,2659.0,2402.0,4736.0
2019-02-19,2659.0,2675.0,2659.0,2664.0,1850.0,4862.0
2019-02-20,2659.0,2660.0,2613.0,2631.0,2402.0,4944.0
2019-02-21,2627.0,2640.0,2620.0,2629.0,2164.0,4996.0
2019-02-22,2638.0,2647.0,2629.0,2639.0,1352.0,5136.0
2019-02-25,2635.0,2643.0,2610.0,2625.0,2074.0,5010.0
2019-02-26,2630.0,2641.0,2617.0,2622.0,1254.0,4878.0
2019-02-27,2617.0,2617.0,2582.0,2587.0,2920.0,4898.0
2019-02-28,2586.0,2595.0,2575.0,2588.0,2008.0,4164.0
2019-03-01,2581.0,2621.0,2581.0,2617.0,942.0,3750.0
2019-03-04,2613.0,2613.0,2593.0,2597.0,542.0,4088.0
2019-03-05,2600.0,2621.0,2597.0,2605.0,402.0,3878.0
2019-03-06,2606.0,2620.0,2603.0,2614.0,572.0,3490.0
2019-03-07,2619.0,2629.0,2606.0,2621.0,208.0,3438.0
2019-03-08,2621.0,2625.0,2608.0,2612.0,292.0,3516.0
2019-03-11,2615.0,2623.0,2607.0,2614.0,188.0,3614.0
2019-03-12,2608.0,2609.0,2590.0,2595.0,458.0,3844.0
2019-03-13,2598.0,2613.0,2598.0,2612.0,502.0,3544.0
2019-03-14,2608.0,2652.0,2605.0,2639.0,532.0,3208.0
2019-03-15,2637.0,2643.0,2630.0,2635.0,290.0,3236.0
2019-03-18,2636.0,2651.0,2628.0,2633.0,280.0,3270.0
2019-03-19,2641.0,2645.0,2623.0,2623.0,208.0,3408.0
2019-03-20,2627.0,2631.0,2612.0,2622.0,310.0,3472.0
2019-03-21,2622.0,2630.0,2618.0,2630.0,68.0,3452.0
2019-03-22,2629.0,2642.0,2619.0,2640.0,176.0,3362.0
2019-03-25,2637.0,2643.0,2631.0,2637.0,296.0,3370.0
2019-03-26,2647.0,2652.0,2639.0,2639.0,738.0,3380.0
2019-03-27,2642.0,2644.0,2638.0,2639.0,4392.0,3350.0
2019-03-28,2624.0,2624.0,2595.0,2595.0,172.0,3458.0
2019-03-29,2602.0,2610.0,2595.0,2600.0,198.0,3338.0
2019-04-01,2599.0,2613.0,2596.0,2610.0,94.0,3314.0
2019-04-02,2618.0,2663.0,2617.0,2654.0,394.0,3312.0
2019-04-03,2657.0,2674.0,2646.0,2656.0,354.0,3414.0
2019-04-04,2661.0,2664.0,2644.0,2662.0,76.0,3436.0
2019-04-08,2653.0,2681.0,2653.0,2662.0,268.0,3388.0
2019-04-09,2667.0,2669.0,2637.0,2644.0,246.0,3472.0
2019-04-10,2643.0,2652.0,2643.0,2646.0,148.0,3566.0
2019-04-11,2646.0,2658.0,2644.0,2654.0,264.0,3626.0
2019-04-12,2650.0,2650.0,2625.0,2629.0,252.0,3742.0
2019-04-15,2632.0,2662.0,2631.0,2660.0,238.0,3750.0
2019-04-16,2668.0,2677.0,2656.0,2660.0,176.0,3682.0
2019-04-17,2661.0,2664.0,2633.0,2640.0,452.0,3576.0
2019-04-18,2638.0,2638.0,2616.0,2629.0,184.0,3562.0
2019-04-19,2630.0,2642.0,2628.0,2637.0,184.0,3506.0
2019-04-23,2641.0,2641.0,2636.0,2637.0,28.0,3532.0
2019-04-24,2638.0,2641.0,2619.0,2627.0,2132.0,3558.0
2019-04-25,2627.0,2633.0,2594.0,2595.0,2472.0,3780.0
2019-04-26,2592.0,2602.0,2586.0,2590.0,6878.0,3916.0
2019-04-29,2590.0,2602.0,2590.0,2596.0,9960.0,3898.0
2019-04-30,2599.0,2603.0,2567.0,2593.0,26024.0,3936.0
2019-05-06,2610.0,2638.0,2602.0,2607.0,1084.0,3558.0
2019-05-07,2607.0,2633.0,2605.0,2620.0,3598.0,3618.0
2019-05-08,2618.0,2633.0,2615.0,2628.0,4322.0,3610.0
2019-05-09,2636.0,2717.0,2636.0,2705.0,3676.0,2994.0
2019-05-10,2705.0,2725.0,2656.0,2677.0,2380.0,2988.0
2019-05-13,2683.0,2700.0,2660.0,2678.0,46.0,2902.0
2019-05-14,2689.0,2707.0,2669.0,2684.0,230.0,2868.0
2019-05-15,2683.0,2711.0,2683.0,2707.0,489.0,2986.0
2019-05-16,2720.0,2764.0,2718.0,2746.0,16050.0,3222.0
2019-05-17,2757.0,2766.0,2735.0,2737.0,19280.0,3330.0
2019-05-20,2743.0,2758.0,2729.0,2755.0,20084.0,3362.0
2019-05-21,2761.0,2813.0,2753.0,2798.0,21304.0,3276.0
2019-05-22,2803.0,2819.0,2747.0,2777.0,43074.0,2984.0
2019-05-23,2786.0,2800.0,2755.0,2764.0,39142.0,2654.0
2019-05-24,2758.0,2777.0,2749.0,2762.0,56304.0,2598.0
2019-05-27,2762.0,2844.0,2762.0,2826.0,40436.0,2490.0
2019-05-28,2828.0,2866.0,2821.0,2866.0,760.0,2570.0
2019-05-29,2857.0,2962.0,2851.0,2962.0,2300.0,3208.0
2019-05-30,2955.0,3000.0,2888.0,2922.0,1480.0,3052.0
2019-05-31,2942.0,2960.0,2931.0,2956.0,7028.0,7822.0
2019-06-03,2946.0,2987.0,2913.0,2982.0,938.0,7664.0
2019-06-04,2978.0,3056.0,2978.0,3015.0,21520.0,7788.0
2019-06-05,3012.0,3025.0,2980.0,2983.0,600.0,7888.0
2019-06-06,2999.0,2999.0,2900.0,2908.0,1936.0,7148.0
2019-06-10,2865.0,2905.0,2856.0,2897.0,986.0,7212.0
2019-06-11,2895.0,2923.0,2880.0,2898.0,578.0,7318.0
2019-06-12,2908.0,2911.0,2872.0,2898.0,568.0,7614.0
2019-06-13,2934.0,2978.0,2930.0,2947.0,1904.0,7780.0
2019-06-14,2952.0,2959.0,2938.0,2940.0,772.0,7906.0
2019-06-17,2954.0,3011.0,2947.0,3006.0,1252.0,8026.0
2019-06-18,2999.0,2999.0,2958.0,2972.0,402.0,8182.0
2019-06-19,2977.0,2977.0,2880.0,2913.0,1286.0,8240.0
2019-06-20,2913.0,2930.0,2894.0,2905.0,434.0,8168.0
2019-06-21,2925.0,2953.0,2912.0,2918.0,734.0,8476.0
2019-06-24,2903.0,2958.0,2903.0,2941.0,574.0,8432.0
2019-06-25,2955.0,2958.0,2928.0,2937.0,426.0,8360.0
2019-06-26,2949.0,2955.0,2898.0,2916.0,536.0,8418.0
2019-06-27,2914.0,2936.0,2905.0,2914.0,1248.0,8700.0
2019-06-28,2919.0,2957.0,2899.0,2925.0,772.0,8736.0
2019-07-01,2928.0,2975.0,2848.0,2896.0,187398.0,106070.0
2019-07-02,2911.0,2911.0,2849.0,2856.0,133018.0,164648.0
2019-07-03,2849.0,2859.0,2828.0,2847.0,126764.0,192740.0
2019-07-04,2845.0,2862.0,2819.0,2836.0,141072.0,200806.0
2019-07-05,2831.0,2847.0,2827.0,2837.0,136508.0,211592.0
2019-07-08,2841.0,2842.0,2808.0,2811.0,119936.0,209440.0
2019-07-09,2804.0,2807.0,2755.0,2794.0,104906.0,214894.0
2019-07-10,2801.0,2811.0,2784.0,2810.0,123100.0,199522.0
2019-07-11,2812.0,2833.0,2803.0,2823.0,92548.0,211120.0
2019-07-12,2828.0,2850.0,2813.0,2840.0,91598.0,212766.0
2019-07-15,2840.0,2907.0,2840.0,2893.0,116772.0,213876.0
2019-07-16,2893.0,2893.0,2832.0,2846.0,75370.0,221156.0
2019-07-17,2840.0,2864.0,2828.0,2849.0,89754.0,213994.0
2019-07-18,2859.0,2880.0,2842.0,2846.0,82762.0,214966.0
2019-07-19,2840.0,2865.0,2832.0,2859.0,92102.0,215078.0
2019-07-22,2862.0,2869.0,2815.0,2823.0,82458.0,215838.0
2019-07-23,2836.0,2838.0,2825.0,2835.0,76120.0,217742.0
2019-07-24,2833.0,2833.0,2795.0,2822.0,91856.0,222936.0
2019-07-25,2830.0,2834.0,2810.0,2822.0,81406.0,228366.0
2019-07-26,2819.0,2825.0,2789.0,2807.0,38788.0,231000.0
2019-07-29,2804.0,2817.0,2786.0,2786.0,31570.0,233796.0
2019-07-30,2795.0,2814.0,2788.0,2804.0,64870.0,230246.0
2019-07-31,2795.0,2818.0,2791.0,2810.0,68786.0,236572.0
2019-08-01,2807.0,2817.0,2772.0,2779.0,141348.0,233298.0
2019-08-02,2791.0,2839.0,2754.0,2830.0,70104.0,233570.0
2019-08-05,2824.0,2904.0,2824.0,2886.0,108902.0,212504.0
2019-08-06,2875.0,2930.0,2875.0,2888.0,63380.0,212212.0
2019-08-07,2904.0,2914.0,2888.0,2912.0,114574.0,234308.0
2019-08-08,2912.0,2923.0,2904.0,2911.0,115566.0,247392.0
2019-08-09,2915.0,2953.0,2909.0,2940.0,122062.0,237228.0
2019-08-12,2948.0,2949.0,2913.0,2928.0,193882.0,232206.0
2019-08-13,2928.0,3004.0,2910.0,2980.0,70288.0,243534.0
2019-08-14,2974.0,2982.0,2863.0,2917.0,159562.0,237652.0
2019-08-15,2915.0,2923.0,2899.0,2905.0,95242.0,244592.0
2019-08-16,2906.0,2939.0,2887.0,2894.0,135230.0,261424.0
2019-08-19,2908.0,2915.0,2891.0,2910.0,107258.0,268088.0
2019-08-20,2901.0,2920.0,2892.0,2912.0,112066.0,255378.0
2019-08-21,2917.0,2928.0,2896.0,2915.0,84394.0,245744.0
2019-08-22,2917.0,2954.0,2916.0,2952.0,86696.0,257030.0
2019-08-23,2957.0,2986.0,2944.0,2977.0,77744.0,260432.0
2019-08-26,3010.0,3038.0,2956.0,3005.0,92072.0,264198.0
2019-08-27,3014.0,3014.0,2948.0,2967.0,75332.0,259464.0
2019-08-28,2968.0,3008.0,2966.0,2997.0,69580.0,264210.0
2019-08-29,3002.0,3062.0,2991.0,3052.0,106890.0,272588.0
2019-08-30,3010.0,3038.0,2993.0,2994.0,126002.0,291128.0
2019-09-02,3002.0,3067.0,3002.0,3040.0,119364.0,310666.0
2019-09-03,3040.0,3067.0,3036.0,3060.0,57396.0,299334.0
2019-09-04,3059.0,3082.0,3026.0,3027.0,184126.0,284498.0
2019-09-05,3025.0,3035.0,2972.0,2995.0,139352.0,270394.0
2019-09-06,2974.0,3001.0,2910.0,2927.0,105716.0,266120.0
2019-09-09,2934.0,2945.0,2890.0,2898.0,55702.0,266774.0
2019-09-10,2910.0,2914.0,2891.0,2903.0,43656.0,268650.0
2019-09-11,2917.0,2928.0,2883.0,2889.0,65552.0,272760.0
2019-09-12,2896.0,2911.0,2865.0,2904.0,71398.0,272070.0
2019-09-16,2932.0,2932.0,2866.0,2879.0,57264.0,263276.0
2019-09-17,2879.0,2898.0,2873.0,2891.0,44322.0,255118.0
2019-09-18,2894.0,2918.0,2887.0,2904.0,52824.0,257110.0
2019-09-19,2895.0,2917.0,2893.0,2902.0,72568.0,250972.0
2019-09-20,2908.0,2912.0,2881.0,2896.0,71546.0,244794.0
2019-09-23,2886.0,2940.0,2886.0,2902.0,91068.0,233630.0
2019-09-24,2900.0,2900.0,2873.0,2879.0,60908.0,218530.0
2019-09-25,2889.0,2917.0,2879.0,2913.0,86342.0,187142.0
2019-09-26,2900.0,2913.0,2891.0,2897.0,89616.0,144934.0
2019-09-27,2902.0,2907.0,2880.0,2889.0,130846.0,82488.0
2019-09-30,2908.0,2925.0,2887.0,2917.0,66410.0,58734.0
2019-10-08,2930.0,2980.0,2930.0,2946.0,37486.0,48690.0
2019-10-09,2961.0,2987.0,2948.0,2981.0,51666.0,32760.0
2019-10-10,2979.0,2987.0,2956.0,2984.0,38844.0,17756.0
2019-10-11,2986.0,3020.0,2971.0,3011.0,16846.0,14850.0
2019-10-14,3004.0,3014.0,2980.0,2998.0,10774.0,13488.0
2019-10-15,2995.0,3025.0,2995.0,3005.0,8684.0,11420.0
2019-10-16,2998.0,3033.0,2996.0,3008.0,2286.0,10730.0
2019-10-17,3013.0,3016.0,2991.0,3000.0,5664.0,7984.0
2019-10-18,3000.0,3046.0,3000.0,3015.0,3032.0,7370.0
2019-10-21,3028.0,3103.0,3015.0,3103.0,2774.0,6886.0
2019-10-22,3094.0,3106.0,3064.0,3090.0,2988.0,5422.0
2019-10-23,3095.0,3095.0,3062.0,3075.0,1538.0,4798.0
2019-10-24,3072.0,3088.0,3050.0,3072.0,528.0,4646.0
2019-10-25,3074.0,3086.0,3055.0,3055.0,1870.0,4448.0
2019-10-28,3045.0,3058.0,3002.0,3011.0,1406.0,3552.0
2019-10-29,3012.0,3014.0,2903.0,2952.0,2136.0,2460.0
2019-10-30,2958.0,2990.0,2955.0,2973.0,2064.0,1006.0
2019-10-31,2973.0,3013.0,2950.0,2950.0,910.0,128.0
