date,close
2016-10-11,297.6000061035156
2016-10-12,294.5
2016-10-13,299.79998779296875
2016-10-14,299.79998779296875
2016-10-17,303.5
2016-10-18,303.3999938964844
2016-10-19,306.3999938964844
2016-10-20,304.6000061035156
2016-10-21,306.5
2016-10-24,307.29998779296875
2016-10-25,308.20001220703125
2016-10-26,319.1000061035156
2016-10-27,327.6000061035156
2016-10-28,317.5
2016-10-31,316.1000061035156
2016-11-01,309.5
2016-11-02,306.70001220703125
2016-11-03,306.3999938964844
2016-11-04,309.0
2016-11-07,311.8999938964844
2016-11-08,315.70001220703125
2016-11-09,311.3999938964844
2016-11-10,311.3999938964844
2016-11-14,309.8999938964844
2016-11-15,310.1000061035156
2016-11-16,308.3999938964844
2016-11-17,311.5
2016-11-18,310.3999938964844
2016-11-21,319.70001220703125
2016-11-22,324.8999938964844
2016-11-23,316.3999938964844
2016-11-25,320.79998779296875
2016-11-28,325.8999938964844
2016-11-29,321.70001220703125
2016-11-30,316.3999938964844
2016-12-01,310.8999938964844
2016-12-02,310.70001220703125
2016-12-05,317.70001220703125
2016-12-06,320.20001220703125
2016-12-07,319.20001220703125
2016-12-08,312.3999938964844
2016-12-09,317.3999938964844
2016-12-12,314.79998779296875
2016-12-13,313.5
2016-12-14,311.1000061035156
2016-12-15,314.0
2016-12-16,317.1000061035156
2016-12-19,312.20001220703125
2016-12-20,308.79998779296875
2016-12-21,309.5
2016-12-22,309.29998779296875
2016-12-23,308.0
2016-12-27,317.79998779296875
2016-12-28,316.20001220703125
2016-12-29,314.79998779296875
2016-12-30,312.8999938964844
2017-01-03,308.29998779296875
2017-01-04,315.29998779296875
2017-01-05,314.3999938964844
2017-01-06,307.5
2017-01-09,309.79998779296875
2017-01-10,313.3999938964844
2017-01-11,310.70001220703125
2017-01-12,324.20001220703125
2017-01-13,332.5
2017-01-17,348.79998779296875
2017-01-18,351.1000061035156
2017-01-19,348.20001220703125
2017-01-20,348.70001220703125
2017-01-23,343.5
2017-01-24,343.0
2017-01-25,343.29998779296875
2017-01-26,342.3999938964844
2017-01-27,343.0
2017-01-30,334.3999938964844
2017-01-31,334.6000061035156
2017-02-01,336.0
2017-02-02,333.79998779296875
2017-02-03,331.6000061035156
2017-02-06,332.79998779296875
2017-02-07,335.8999938964844
2017-02-08,341.20001220703125
2017-02-09,338.3999938964844
2017-02-10,342.1000061035156
2017-02-13,343.20001220703125
2017-02-14,339.5
2017-02-15,346.8999938964844
2017-02-16,342.0
2017-02-17,339.6000061035156
2017-02-21,337.3999938964844
2017-02-22,335.0
2017-02-23,330.79998779296875
2017-02-24,331.29998779296875
2017-02-27,331.1000061035156
2017-02-28,332.6000061035156
2017-03-01,335.1000061035156
2017-03-02,330.79998779296875
2017-03-03,328.79998779296875
2017-03-06,329.20001220703125
2017-03-07,326.8999938964844
2017-03-08,326.5
2017-03-09,324.1000061035156
2017-03-10,324.6000061035156
2017-03-13,326.8999938964844
2017-03-14,323.29998779296875
2017-03-15,327.6000061035156
2017-03-16,329.29998779296875
2017-03-17,328.8999938964844
2017-03-20,326.6000061035156
2017-03-21,325.79998779296875
2017-03-22,323.5
2017-03-23,320.70001220703125
2017-03-24,318.20001220703125
2017-03-27,315.29998779296875
2017-03-28,315.29998779296875
2017-03-29,315.79998779296875
2017-03-30,314.8999938964844
2017-03-31,308.3999938964844
2017-04-03,307.6000061035156
2017-04-04,308.1000061035156
2017-04-05,309.79998779296875
2017-04-06,308.70001220703125
2017-04-07,307.3999938964844
2017-04-10,309.1000061035156
2017-04-11,309.29998779296875
2017-04-12,312.70001220703125
2017-04-13,317.5
2017-04-17,313.3999938964844
2017-04-18,312.20001220703125
2017-04-19,310.79998779296875
2017-04-20,307.8999938964844
2017-04-21,309.6000061035156
2017-04-24,316.3999938964844
2017-04-25,313.5
2017-04-26,309.6000061035156
2017-04-27,310.5
2017-04-28,311.70001220703125
2017-05-01,314.29998779296875
2017-05-02,310.79998779296875
2017-05-03,314.6000061035156
2017-05-04,314.1000061035156
2017-05-05,312.29998779296875
2017-05-08,309.5
2017-05-09,314.20001220703125
2017-05-10,313.79998779296875
2017-05-11,311.1000061035156
2017-05-12,309.70001220703125
2017-05-15,312.5
2017-05-16,317.0
2017-05-17,315.29998779296875
2017-05-18,307.5
2017-05-19,307.0
2017-05-22,307.79998779296875
2017-05-23,306.29998779296875
2017-05-24,306.3999938964844
2017-05-25,304.70001220703125
2017-05-26,301.79998779296875
2017-05-30,297.6000061035156
2017-05-31,298.1000061035156
2017-06-01,297.5
2017-06-02,301.8999938964844
2017-06-05,300.6000061035156
2017-06-06,301.1000061035156
2017-06-07,304.8999938964844
2017-06-08,306.1000061035156
2017-06-09,305.8999938964844
2017-06-12,301.79998779296875
2017-06-13,301.5
2017-06-14,301.79998779296875
2017-06-15,300.6000061035156
2017-06-16,300.8999938964844
2017-06-19,301.5
2017-06-20,300.8999938964844
2017-06-21,297.8999938964844
2017-06-22,293.79998779296875
2017-06-23,293.6000061035156
2017-06-26,294.1000061035156
2017-06-27,294.0
2017-06-28,294.6000061035156
2017-06-29,294.3999938964844
2017-06-30,304.3999938964844
2017-07-03,311.8999938964844
2017-07-05,316.5
2017-07-06,320.0
2017-07-07,328.5
2017-07-10,336.3999938964844
2017-07-11,336.79998779296875
2017-07-12,334.3999938964844
2017-07-13,316.79998779296875
2017-07-14,322.29998779296875
2017-07-17,321.79998779296875
2017-07-18,323.5
2017-07-19,326.6000061035156
2017-07-20,330.5
2017-07-21,329.70001220703125
2017-07-24,325.8999938964844
2017-07-25,318.29998779296875
2017-07-26,319.79998779296875
2017-07-27,322.29998779296875
2017-07-28,321.0
2017-07-31,318.6000061035156
2017-08-01,308.29998779296875
2017-08-02,309.0
2017-08-03,306.29998779296875
2017-08-04,303.5
2017-08-07,308.0
2017-08-08,307.79998779296875
2017-08-09,306.6000061035156
2017-08-10,294.20001220703125
2017-08-11,298.1000061035156
2017-08-14,296.29998779296875
2017-08-15,295.79998779296875
2017-08-16,294.6000061035156
2017-08-17,296.1000061035156
2017-08-18,297.20001220703125
2017-08-21,295.79998779296875
2017-08-22,295.29998779296875
2017-08-23,293.29998779296875
2017-08-24,297.6000061035156
2017-08-25,296.3999938964844
2017-08-28,295.5
2017-08-29,294.6000061035156
2017-08-30,292.3999938964844
2017-08-31,294.29998779296875
2017-09-01,293.20001220703125
2017-09-05,302.79998779296875
2017-09-06,303.6000061035156
2017-09-07,302.3999938964844
2017-09-08,300.8999938964844
2017-09-11,298.8999938964844
2017-09-12,295.1000061035156
2017-09-13,300.29998779296875
2017-09-14,308.70001220703125
2017-09-15,308.0
2017-09-18,309.0
2017-09-19,305.0
2017-09-20,306.29998779296875
2017-09-21,309.0
2017-09-22,315.0
2017-09-25,310.1000061035156
2017-09-26,308.79998779296875
2017-09-27,308.79998779296875
2017-09-28,306.79998779296875
2017-09-29,311.5
2017-10-02,309.1000061035156
2017-10-03,307.29998779296875
2017-10-04,306.8999938964844
2017-10-05,312.8999938964844
2017-10-06,315.0
2017-10-09,311.5
2017-10-10,312.5
2017-10-11,311.20001220703125
2017-10-12,322.70001220703125
2017-10-13,324.5
2017-10-16,324.5
2017-10-17,321.6000061035156
2017-10-18,321.79998779296875
2017-10-19,321.3999938964844
2017-10-20,317.1000061035156
2017-10-23,315.8999938964844
2017-10-24,314.20001220703125
2017-10-25,315.3999938964844
2017-10-26,312.1000061035156
2017-10-27,312.1000061035156
2017-10-30,312.29998779296875
2017-10-31,311.79998779296875
2017-11-01,313.6000061035156
2017-11-02,317.3999938964844
2017-11-03,313.8999938964844
2017-11-06,316.1000061035156
2017-11-07,315.5
2017-11-08,315.20001220703125
2017-11-09,311.79998779296875
2017-11-10,314.5
2017-11-13,311.29998779296875
2017-11-14,310.29998779296875
2017-11-15,311.29998779296875
2017-11-16,310.5
2017-11-17,318.20001220703125
2017-11-20,319.79998779296875
2017-11-21,318.29998779296875
2017-11-22,324.3999938964844
2017-11-24,323.79998779296875
2017-11-27,327.1000061035156
2017-11-28,323.5
2017-11-29,325.0
2017-11-30,324.5
2017-12-01,328.20001220703125
2017-12-04,335.3999938964844
2017-12-05,341.29998779296875
2017-12-06,340.3999938964844
2017-12-07,333.5
2017-12-08,330.0
2017-12-11,326.0
2017-12-12,322.8999938964844
2017-12-13,325.1000061035156
2017-12-14,321.20001220703125
2017-12-15,320.6000061035156
2017-12-18,318.5
2017-12-19,315.20001220703125
2017-12-20,315.70001220703125
2017-12-21,314.20001220703125
2017-12-22,312.79998779296875
2017-12-26,315.20001220703125
2017-12-27,314.20001220703125
2017-12-28,311.79998779296875
2017-12-29,312.6000061035156
2018-01-02,313.5
2018-01-03,314.3999938964844
2018-01-04,315.79998779296875
2018-01-05,317.8999938964844
2018-01-08,317.5
2018-01-09,314.5
2018-01-10,312.8999938964844
2018-01-11,309.6000061035156
2018-01-12,309.79998779296875
2018-01-16,322.79998779296875
2018-01-17,324.29998779296875
2018-01-18,328.3999938964844
2018-01-19,331.6000061035156
2018-01-22,338.6000061035156
2018-01-23,339.6000061035156
2018-01-24,342.0
2018-01-25,340.3999938964844
2018-01-26,335.70001220703125
2018-01-29,337.3999938964844
2018-01-30,340.5
2018-01-31,337.79998779296875
2018-02-01,334.0
2018-02-02,331.3999938964844
2018-02-05,327.0
2018-02-06,331.70001220703125
2018-02-07,335.3999938964844
2018-02-08,341.70001220703125
2018-02-09,343.79998779296875
2018-02-12,357.79998779296875
2018-02-13,365.20001220703125
2018-02-14,369.8999938964844
2018-02-15,373.70001220703125
2018-02-16,373.29998779296875
2018-02-20,376.5
2018-02-21,378.0
2018-02-22,376.8999938964844
2018-02-23,375.5
2018-02-26,377.20001220703125
2018-02-27,386.5
2018-02-28,394.20001220703125
2018-03-01,394.0
2018-03-02,390.20001220703125
2018-03-05,389.29998779296875
2018-03-06,384.5
2018-03-07,380.20001220703125
2018-03-08,380.6000061035156
2018-03-09,371.70001220703125
2018-03-12,369.79998779296875
2018-03-13,372.29998779296875
2018-03-14,368.29998779296875
2018-03-15,371.0
2018-03-16,372.8999938964844
2018-03-19,358.6000061035156
2018-03-20,361.70001220703125
2018-03-21,364.5
2018-03-22,368.0
2018-03-23,377.8999938964844
2018-03-26,375.0
2018-03-27,372.3999938964844
2018-03-28,371.29998779296875
2018-03-29,384.0
2018-04-02,377.29998779296875
2018-04-03,380.0
2018-04-04,381.79998779296875
2018-04-05,383.6000061035156
2018-04-06,386.29998779296875
2018-04-09,389.6000061035156
2018-04-10,383.8999938964844
2018-04-11,380.20001220703125
2018-04-12,383.3999938964844
2018-04-13,382.79998779296875
2018-04-16,377.79998779296875
2018-04-17,381.1000061035156
2018-04-18,376.6000061035156
2018-04-19,373.29998779296875
2018-04-20,374.1000061035156
2018-04-23,371.79998779296875
2018-04-24,372.1000061035156
2018-04-25,376.20001220703125
2018-04-26,379.20001220703125
2018-04-27,393.20001220703125
2018-04-30,392.1000061035156
2018-05-01,403.0
2018-05-02,400.0
2018-05-03,398.3999938964844
2018-05-04,394.3999938964844
2018-05-07,384.79998779296875
2018-05-08,388.70001220703125
2018-05-09,389.20001220703125
2018-05-10,390.5
2018-05-11,382.70001220703125
2018-05-14,389.79998779296875
2018-05-15,382.29998779296875
2018-05-16,376.6000061035156
2018-05-17,375.1000061035156
2018-05-18,376.29998779296875
2018-05-21,379.1000061035156
2018-05-22,377.5
2018-05-23,380.70001220703125
2018-05-24,377.29998779296875
2018-05-25,380.29998779296875
2018-05-29,380.20001220703125
2018-05-30,376.8999938964844
2018-05-31,375.29998779296875
2018-06-01,374.20001220703125
2018-06-04,368.8999938964844
2018-06-05,367.29998779296875
2018-06-06,365.0
2018-06-07,358.3999938964844
2018-06-08,357.79998779296875
2018-06-11,351.20001220703125
2018-06-12,353.5
2018-06-13,347.70001220703125
2018-06-14,343.20001220703125
2018-06-15,338.8999938964844
2018-06-18,335.5
2018-06-19,334.5
2018-06-20,333.20001220703125
2018-06-21,331.79998779296875
2018-06-22,339.1000061035156
2018-06-25,332.8999938964844
2018-06-26,333.70001220703125
2018-06-27,333.8999938964844
2018-06-28,331.3999938964844
2018-06-29,332.79998779296875
2018-07-02,329.5
2018-07-03,327.79998779296875
2018-07-05,328.20001220703125
2018-07-06,339.79998779296875
2018-07-09,331.79998779296875
2018-07-10,334.3999938964844
2018-07-11,333.0
2018-07-12,333.3999938964844
2018-07-13,328.79998779296875
2018-07-16,329.1000061035156
2018-07-17,329.1000061035156
2018-07-18,328.20001220703125
2018-07-19,328.79998779296875
2018-07-20,326.8999938964844
2018-07-23,328.0
2018-07-24,328.8999938964844
2018-07-25,330.0
2018-07-26,332.6000061035156
2018-07-27,332.70001220703125
2018-07-30,333.8999938964844
2018-07-31,341.20001220703125
2018-08-01,336.5
2018-08-02,332.79998779296875
2018-08-03,332.5
2018-08-06,330.0
2018-08-07,332.70001220703125
2018-08-08,337.1000061035156
2018-08-09,334.0
2018-08-10,323.5
2018-08-13,327.79998779296875
2018-08-14,335.0
2018-08-15,329.5
2018-08-16,334.6000061035156
2018-08-17,330.1000061035156
2018-08-20,328.20001220703125
2018-08-21,324.8999938964844
2018-08-22,321.1000061035156
2018-08-23,313.70001220703125
2018-08-24,312.70001220703125
2018-08-27,306.29998779296875
2018-08-28,300.70001220703125
2018-08-29,302.1000061035156
2018-08-30,301.3999938964844
2018-08-31,303.70001220703125
2018-09-04,308.29998779296875
2018-09-05,306.20001220703125
2018-09-06,311.0
2018-09-07,314.20001220703125
2018-09-10,315.8999938964844
2018-09-11,314.20001220703125
2018-09-12,315.70001220703125
2018-09-13,311.29998779296875
2018-09-14,307.29998779296875
2018-09-17,302.8999938964844
2018-09-18,300.5
2018-09-19,306.3999938964844
2018-09-20,311.3999938964844
2018-09-21,305.8999938964844
2018-09-24,304.70001220703125
2018-09-25,306.20001220703125
2018-09-26,307.70001220703125
2018-09-27,308.20001220703125
2018-09-28,305.3999938964844
2018-10-01,310.5
2018-10-02,311.20001220703125
2018-10-03,307.5
2018-10-04,308.3999938964844
2018-10-05,315.6000061035156
2018-10-08,314.20001220703125
2018-10-09,313.5
2018-10-10,312.0
2018-10-11,312.79998779296875
2018-10-12,312.3999938964844
2018-10-15,327.0
2018-10-16,322.29998779296875
2018-10-17,323.70001220703125
2018-10-18,316.29998779296875
2018-10-19,313.1000061035156
2018-10-22,312.79998779296875
2018-10-23,310.70001220703125
2018-10-24,306.1000061035156
2018-10-25,304.29998779296875
2018-10-26,307.29998779296875
2018-10-29,308.20001220703125
2018-10-30,305.1000061035156
2018-10-31,306.3999938964844
2018-11-01,313.3999938964844
2018-11-02,311.0
2018-11-05,310.6000061035156
2018-11-06,311.3999938964844
2018-11-07,308.0
2018-11-08,306.1000061035156
2018-11-09,305.6000061035156
2018-11-12,305.6000061035156
2018-11-13,303.8999938964844
2018-11-14,305.70001220703125
2018-11-15,305.3999938964844
2018-11-16,310.8999938964844
2018-11-19,305.5
2018-11-20,307.1000061035156
2018-11-21,306.6000061035156
2018-11-23,305.79998779296875
2018-11-26,303.0
2018-11-27,304.8999938964844
2018-11-28,307.8999938964844
2018-11-29,306.8999938964844
2018-11-30,308.29998779296875
2018-12-03,312.1000061035156
2018-12-04,312.70001220703125
2018-12-06,310.0
2018-12-07,309.1000061035156
2018-12-10,307.8999938964844
2018-12-11,308.8999938964844
2018-12-12,310.79998779296875
2018-12-13,309.3999938964844
2018-12-14,309.3999938964844
2018-12-17,309.1000061035156
2018-12-18,310.3999938964844
2018-12-19,307.79998779296875
2018-12-20,307.70001220703125
2018-12-21,305.6000061035156
2018-12-24,307.5
2018-12-26,303.3999938964844
2018-12-27,303.8999938964844
2018-12-28,308.8999938964844
2018-12-31,306.20001220703125
2019-01-02,311.0
2019-01-03,312.70001220703125
2019-01-04,315.1000061035156
2019-01-07,318.20001220703125
2019-01-08,317.6000061035156
2019-01-09,319.0
2019-01-10,312.6000061035156
2019-01-11,310.3999938964844
2019-01-14,306.8999938964844
2019-01-15,309.29998779296875
2019-01-16,310.1000061035156
2019-01-17,312.20001220703125
2019-01-18,315.1000061035156
2019-01-22,313.0
2019-01-23,312.8999938964844
2019-01-24,312.29998779296875
2019-01-25,313.8999938964844
2019-01-28,312.20001220703125
2019-01-29,311.79998779296875
2019-01-30,311.1000061035156
2019-01-31,310.0
2019-02-01,311.79998779296875
2019-02-04,310.6000061035156
2019-02-05,309.5
2019-02-06,309.0
2019-02-07,305.5
2019-02-08,306.1000061035156
2019-02-11,304.8999938964844
2019-02-12,309.20001220703125
2019-02-13,310.1000061035156
2019-02-14,305.5
2019-02-15,306.5
2019-02-19,305.3999938964844
2019-02-20,305.20001220703125
2019-02-21,305.8999938964844
2019-02-22,305.6000061035156
2019-02-25,305.3999938964844
2019-02-26,303.20001220703125
2019-02-27,305.0
2019-02-28,302.29998779296875
2019-03-01,303.29998779296875
2019-03-04,306.29998779296875
2019-03-05,305.6000061035156
2019-03-06,301.79998779296875
2019-03-07,302.0
2019-03-08,299.1000061035156
2019-03-11,296.70001220703125
2019-03-12,298.29998779296875
2019-03-13,300.20001220703125
2019-03-14,301.79998779296875
2019-03-15,310.79998779296875
2019-03-18,309.79998779296875
2019-03-19,310.79998779296875
2019-03-20,311.6000061035156
2019-03-21,315.29998779296875
2019-03-22,315.0
2019-03-25,315.1000061035156
2019-03-26,311.0
2019-03-27,304.3999938964844
2019-03-28,306.5
2019-03-29,306.5
2019-04-01,309.3999938964844
2019-04-02,310.6000061035156
2019-04-03,311.0
2019-04-04,311.8999938964844
2019-04-05,308.0
2019-04-08,309.20001220703125
2019-04-09,309.1000061035156
2019-04-10,310.1000061035156
2019-04-11,307.20001220703125
2019-04-12,307.8999938964844
2019-04-15,311.0
2019-04-16,306.5
2019-04-17,303.8999938964844
2019-04-18,303.20001220703125
2019-04-22,302.5
2019-04-23,301.0
2019-04-24,300.3999938964844
2019-04-25,306.0
2019-04-26,299.8999938964844
2019-04-29,297.20001220703125
2019-04-30,296.0
2019-05-01,296.0
2019-05-02,292.3999938964844
2019-05-03,293.6000061035156
2019-05-06,291.79998779296875
2019-05-07,288.3999938964844
2019-05-08,288.70001220703125
2019-05-09,285.29998779296875
2019-05-10,284.1000061035156
2019-05-13,284.0
2019-05-14,294.0
2019-05-15,299.79998779296875
2019-05-16,301.8999938964844
2019-05-17,294.29998779296875
2019-05-20,297.29998779296875
2019-05-21,295.29998779296875
2019-05-22,298.29998779296875
2019-05-23,297.20001220703125
2019-05-24,300.5
2019-05-28,312.79998779296875
2019-05-29,319.0
2019-05-30,327.3999938964844
2019-05-31,321.29998779296875
2019-06-03,320.5
2019-06-04,321.0
2019-06-05,317.70001220703125
2019-06-06,315.8999938964844
2019-06-07,312.29998779296875
2019-06-10,313.3999938964844
2019-06-11,314.3999938964844
2019-06-12,319.5
2019-06-13,321.70001220703125
2019-06-14,323.5
2019-06-17,324.29998779296875
2019-06-18,322.0
2019-06-19,316.8999938964844
2019-06-20,323.0
2019-06-21,315.6000061035156
2019-06-24,317.6000061035156
2019-06-25,315.70001220703125
2019-06-26,313.3999938964844
2019-06-27,312.20001220703125
2019-06-28,313.1000061035156
2019-07-01,304.79998779296875
2019-07-02,303.5
2019-07-03,306.0
2019-07-05,303.79998779296875
2019-07-08,304.20001220703125
2019-07-09,307.8999938964844
2019-07-10,309.1000061035156
2019-07-11,311.6000061035156
2019-07-12,313.29998779296875
2019-07-15,311.6000061035156
2019-07-16,308.3999938964844
2019-07-17,307.5
2019-07-18,307.0
2019-07-19,311.20001220703125
2019-07-22,308.3999938964844
2019-07-23,306.3999938964844
2019-07-24,306.29998779296875
2019-07-25,303.8999938964844
2019-07-26,303.1000061035156
2019-07-29,304.20001220703125
2019-07-30,300.29998779296875
2019-07-31,298.20001220703125
2019-08-01,293.20001220703125
2019-08-02,292.3999938964844
2019-08-05,294.8999938964844
2019-08-06,295.1000061035156
2019-08-07,293.0
2019-08-08,294.79998779296875
2019-08-09,296.70001220703125
2019-08-12,291.8999938964844
2019-08-13,297.79998779296875
2019-08-14,293.0
2019-08-15,291.79998779296875
2019-08-16,294.8999938964844
2019-08-19,292.0
2019-08-20,294.0
2019-08-21,294.70001220703125
2019-08-22,293.70001220703125
2019-08-23,289.8999938964844
2019-08-26,293.0
2019-08-27,291.5
2019-08-28,294.0
2019-08-29,292.0
2019-08-30,289.29998779296875
2019-09-03,288.0
2019-09-04,292.20001220703125
2019-09-05,288.70001220703125
2019-09-06,287.20001220703125
2019-09-09,288.5
2019-09-10,292.8999938964844
2019-09-11,289.6000061035156
2019-09-12,296.1000061035156
2019-09-13,298.20001220703125
2019-09-16,295.20001220703125
2019-09-17,294.1000061035156
2019-09-18,291.6000061035156
2019-09-19,292.20001220703125
2019-09-20,291.1000061035156
2019-09-23,294.5
2019-09-24,295.3999938964844
2019-09-25,293.20001220703125
2019-09-26,290.79998779296875
2019-09-27,289.8999938964844
2019-09-30,295.8999938964844
2019-10-01,304.1000061035156
2019-10-02,300.29998779296875
2019-10-03,298.0
2019-10-04,298.79998779296875
2019-10-07,297.3999938964844
2019-10-08,302.29998779296875
2019-10-09,305.3999938964844
2019-10-10,304.1000061035156
2019-10-11,306.8999938964844
2019-10-14,306.0
2019-10-15,307.79998779296875
2019-10-16,304.79998779296875
2019-10-17,306.79998779296875
2019-10-18,308.5
2019-10-21,307.70001220703125
2019-10-22,306.8999938964844
2019-10-23,308.6000061035156
2019-10-24,305.6000061035156
2019-10-25,303.29998779296875
2019-10-28,304.0
2019-10-29,303.0
2019-10-30,302.20001220703125
2019-10-31,304.3999938964844
2019-11-01,303.8999938964844
2019-11-04,302.3999938964844
2019-11-05,302.70001220703125
2019-11-06,298.8999938964844
2019-11-07,305.6000061035156
2019-11-08,304.8999938964844
2019-11-11,300.6000061035156
2019-11-12,302.29998779296875
2019-11-13,304.1000061035156
2019-11-14,303.1000061035156
2019-11-15,307.1000061035156
2019-11-18,301.20001220703125
2019-11-19,302.0
2019-11-20,299.79998779296875
2019-11-21,301.0
2019-11-22,299.0
2019-11-25,298.29998779296875
2019-11-26,294.70001220703125
2019-11-27,293.79998779296875
2019-11-29,290.8999938964844
2019-12-02,291.29998779296875
2019-12-03,292.5
2019-12-04,294.6000061035156
2019-12-05,299.5
2019-12-06,297.3999938964844
2019-12-09,296.70001220703125
2019-12-10,296.8999938964844
2019-12-11,293.29998779296875
2019-12-12,292.6000061035156
2019-12-13,295.5
2019-12-16,301.29998779296875
2019-12-17,302.29998779296875
2019-12-18,302.8999938964844
2019-12-19,298.3999938964844
2019-12-20,297.8999938964844
2019-12-23,301.3999938964844
2019-12-24,301.79998779296875
2019-12-26,299.5
2019-12-27,295.3999938964844
2019-12-30,297.5
2019-12-31,299.8999938964844
2020-01-02,300.6000061035156
2020-01-03,296.1000061035156
2020-01-06,297.70001220703125
2020-01-07,296.3999938964844
2020-01-08,296.8999938964844
2020-01-09,296.20001220703125
2020-01-10,298.70001220703125
2020-01-13,299.0
2020-01-14,297.20001220703125
2020-01-15,300.1000061035156
2020-01-16,300.6000061035156
2020-01-17,300.6000061035156
2020-01-21,299.1000061035156
2020-01-22,297.8999938964844
2020-01-23,298.8999938964844
2020-01-24,298.29998779296875
2020-01-27,297.79998779296875
2020-01-28,297.6000061035156
2020-01-29,296.1000061035156
2020-01-30,291.5
2020-01-31,291.0
2020-02-03,289.79998779296875
2020-02-04,288.5
2020-02-05,287.3999938964844
2020-02-06,288.20001220703125
2020-02-07,289.29998779296875
2020-02-10,291.3999938964844
2020-02-11,290.79998779296875
2020-02-12,291.70001220703125
2020-02-13,291.8999938964844
2020-02-14,291.1000061035156
2020-02-18,292.20001220703125
2020-02-19,293.0
2020-02-20,292.8999938964844
2020-02-21,289.20001220703125
2020-02-24,286.1000061035156
2020-02-25,286.5
2020-02-26,291.29998779296875
2020-02-27,296.8999938964844
2020-02-28,298.6000061035156
2020-03-02,302.20001220703125
2020-03-03,303.79998779296875
2020-03-04,305.20001220703125
2020-03-05,300.3999938964844
2020-03-06,301.29998779296875
2020-03-09,296.6000061035156
2020-03-10,295.8999938964844
2020-03-11,295.8999938964844
2020-03-12,298.6000061035156
2020-03-13,295.8999938964844
2020-03-16,296.29998779296875
2020-03-17,298.29998779296875
2020-03-18,304.0
2020-03-19,314.79998779296875
2020-03-20,325.20001220703125
2020-03-23,333.6000061035156
2020-03-24,332.1000061035156
2020-03-25,321.70001220703125
2020-03-26,322.8999938964844
2020-03-27,323.1000061035156
2020-03-30,325.5
2020-03-31,321.5
2020-04-01,314.8999938964844
2020-04-02,309.1000061035156
2020-04-03,303.20001220703125
2020-04-06,297.0
2020-04-07,293.79998779296875
2020-04-08,292.79998779296875
2020-04-09,292.5
2020-04-13,288.6000061035156
2020-04-14,287.5
2020-04-15,292.20001220703125
2020-04-16,291.79998779296875
2020-04-17,288.20001220703125
2020-04-20,285.6000061035156
2020-04-21,289.1000061035156
2020-04-22,288.29998779296875
2020-04-23,288.70001220703125
2020-04-24,287.70001220703125
2020-04-27,285.29998779296875
2020-04-28,281.79998779296875
2020-04-29,283.20001220703125
2020-04-30,289.6000061035156
2020-05-01,287.3999938964844
2020-05-04,283.29998779296875
2020-05-05,284.79998779296875
2020-05-06,283.1000061035156
2020-05-07,283.6000061035156
2020-05-08,286.70001220703125
2020-05-11,286.29998779296875
2020-05-12,288.6000061035156
2020-05-13,285.20001220703125
2020-05-14,285.20001220703125
2020-05-15,287.5
2020-05-18,285.1000061035156
2020-05-19,284.6000061035156
2020-05-20,285.5
2020-05-21,282.5
2020-05-22,284.1000061035156
2020-05-26,283.8999938964844
2020-05-27,282.0
2020-05-28,284.29998779296875
2020-05-29,283.20001220703125
2020-06-01,283.1000061035156
2020-06-02,283.70001220703125
2020-06-03,286.29998779296875
2020-06-04,289.79998779296875
2020-06-05,289.1000061035156
2020-06-08,288.3999938964844
2020-06-09,287.1000061035156
2020-06-10,288.79998779296875
2020-06-11,289.70001220703125
2020-06-12,289.0
2020-06-15,288.3999938964844
2020-06-16,287.8999938964844
2020-06-17,287.79998779296875
2020-06-18,288.79998779296875
2020-06-19,287.0
2020-06-22,286.5
2020-06-23,286.29998779296875
2020-06-24,286.70001220703125
2020-06-25,285.5
2020-06-26,282.1000061035156
2020-06-29,280.5
2020-06-30,286.29998779296875
2020-07-01,292.70001220703125
2020-07-02,293.5
2020-07-06,295.3999938964844
2020-07-07,293.29998779296875
2020-07-08,291.6000061035156
2020-07-09,295.1000061035156
2020-07-10,290.79998779296875
2020-07-13,283.1000061035156
2020-07-14,283.70001220703125
2020-07-15,285.79998779296875
2020-07-16,287.0
2020-07-17,286.5
2020-07-20,288.6000061035156
2020-07-21,285.6000061035156
2020-07-22,286.6000061035156
2020-07-23,290.3999938964844
2020-07-24,290.79998779296875
2020-07-27,292.5
2020-07-28,288.8999938964844
2020-07-29,286.8999938964844
2020-07-30,289.79998779296875
2020-07-31,289.29998779296875
2020-08-03,287.1000061035156
2020-08-04,283.70001220703125
2020-08-05,282.29998779296875
2020-08-06,280.70001220703125
2020-08-07,280.0
2020-08-10,282.20001220703125
2020-08-11,282.0
2020-08-12,282.20001220703125
2020-08-13,290.1000061035156
2020-08-14,289.70001220703125
2020-08-17,298.29998779296875
2020-08-18,296.20001220703125
2020-08-19,295.70001220703125
2020-08-20,293.79998779296875
2020-08-21,290.20001220703125
2020-08-24,289.1000061035156
2020-08-25,291.6000061035156
2020-08-26,291.5
2020-08-27,294.8999938964844
2020-08-28,301.6000061035156
2020-08-31,304.6000061035156
2020-09-01,302.79998779296875
2020-09-02,302.29998779296875
2020-09-03,305.20001220703125
2020-09-04,309.79998779296875
2020-09-08,307.20001220703125
2020-09-09,310.8999938964844
2020-09-10,311.1000061035156
2020-09-11,318.3999938964844
2020-09-14,316.20001220703125
2020-09-15,314.29998779296875
2020-09-16,320.79998779296875
2020-09-17,330.3999938964844
2020-09-18,337.3999938964844
2020-09-21,333.3999938964844
2020-09-22,337.29998779296875
2020-09-23,342.1000061035156
2020-09-24,333.79998779296875
2020-09-25,336.8999938964844
2020-09-28,332.6000061035156
2020-09-29,327.29998779296875
2020-09-30,339.70001220703125
2020-10-01,345.0
2020-10-02,349.3999938964844
2020-10-05,343.6000061035156
2020-10-06,354.29998779296875
2020-10-07,361.0
2020-10-08,359.20001220703125
2020-10-09,363.1000061035156
2020-10-12,356.70001220703125
2020-10-13,358.5
2020-10-14,358.3999938964844
2020-10-15,372.1000061035156
2020-10-16,367.5
2020-10-19,373.20001220703125
2020-10-20,371.8999938964844
2020-10-21,378.79998779296875
2020-10-22,382.3999938964844
2020-10-23,386.3999938964844
2020-10-26,389.6000061035156
2020-10-27,384.0
2020-10-28,376.70001220703125
2020-10-29,376.8999938964844
2020-10-30,378.6000061035156
2020-11-02,375.1000061035156
2020-11-03,377.20001220703125
2020-11-04,385.70001220703125
2020-11-05,387.79998779296875
2020-11-06,382.3999938964844
2020-11-09,384.1000061035156
2020-11-10,394.79998779296875
2020-11-11,392.70001220703125
2020-11-12,388.1000061035156
2020-11-13,388.1000061035156
2020-11-16,389.29998779296875
2020-11-17,395.79998779296875
2020-11-18,394.8999938964844
2020-11-19,393.70001220703125
2020-11-20,394.70001220703125
2020-11-23,394.8999938964844
2020-11-24,398.29998779296875
2020-11-25,396.8999938964844
2020-11-27,398.5
2020-11-30,393.1000061035156
2020-12-01,393.5
2020-12-02,389.5
2020-12-03,392.79998779296875
2020-12-04,388.79998779296875
2020-12-07,386.5
2020-12-08,381.70001220703125
2020-12-09,384.3999938964844
2020-12-10,381.0
2020-12-11,384.1000061035156
2020-12-14,380.79998779296875
2020-12-15,388.20001220703125
2020-12-16,394.5
2020-12-17,397.8999938964844
2020-12-18,405.5
2020-12-21,412.29998779296875
2020-12-22,415.0
2020-12-23,421.20001220703125
2020-12-24,416.79998779296875
2020-12-28,415.29998779296875
2020-12-29,427.0
2020-12-30,432.3999938964844
2020-12-31,434.3999938964844
2021-01-04,427.20001220703125
2021-01-05,435.3999938964844
2021-01-06,443.29998779296875
2021-01-07,438.0
2021-01-08,444.79998779296875
2021-01-11,451.79998779296875
2021-01-12,471.20001220703125
2021-01-13,462.3999938964844
2021-01-14,464.8999938964844
2021-01-15,463.20001220703125
2021-01-19,450.5
2021-01-20,442.3999938964844
2021-01-21,438.20001220703125
2021-01-22,421.6000061035156
2021-01-25,429.6000061035156
2021-01-26,436.5
2021-01-27,436.6000061035156
2021-01-28,427.1000061035156
2021-01-29,431.0
2021-02-01,430.5
2021-02-02,428.0
2021-02-03,435.5
2021-02-04,433.1000061035156
2021-02-05,430.5
2021-02-08,436.6000061035156
2021-02-09,438.70001220703125
2021-02-10,422.29998779296875
2021-02-11,428.8999938964844
2021-02-12,427.20001220703125
2021-02-16,428.3999938964844
2021-02-17,431.70001220703125
2021-02-18,425.8999938964844
2021-02-19,424.29998779296875
2021-02-22,423.1000061035156
2021-02-23,426.5
2021-02-24,428.29998779296875
2021-02-25,424.1000061035156
2021-02-26,423.20001220703125
2021-03-01,420.20001220703125
2021-03-02,423.29998779296875
2021-03-03,420.20001220703125
2021-03-04,418.1000061035156
2021-03-05,420.0
2021-03-08,418.29998779296875
2021-03-09,419.20001220703125
2021-03-10,410.1000061035156
2021-03-11,402.0
2021-03-12,396.29998779296875
2021-03-15,407.3999938964844
2021-03-16,406.1000061035156
2021-03-17,404.8999938964844
2021-03-18,398.20001220703125
2021-03-19,407.8999938964844
2021-03-22,396.6000061035156
2021-03-23,398.79998779296875
2021-03-24,401.0
2021-03-25,404.6000061035156
2021-03-26,404.0
2021-03-29,398.1000061035156
2021-03-30,398.20001220703125
2021-03-31,423.20001220703125
2021-04-01,410.20001220703125
2021-04-05,406.29998779296875
2021-04-06,406.3999938964844
2021-04-07,409.1000061035156
2021-04-08,406.79998779296875
2021-04-09,401.20001220703125
2021-04-12,401.8999938964844
2021-04-13,395.0
2021-04-14,398.20001220703125
2021-04-15,401.8999938964844
2021-04-16,402.20001220703125
2021-04-19,407.5
2021-04-20,410.3999938964844
2021-04-21,412.29998779296875
2021-04-22,422.0
2021-04-23,422.3999938964844
2021-04-26,428.79998779296875
2021-04-27,425.5
2021-04-28,421.29998779296875
2021-04-29,422.6000061035156
2021-04-30,426.0
2021-05-03,416.20001220703125
2021-05-04,423.5
2021-05-05,424.29998779296875
2021-05-06,427.70001220703125
2021-05-07,442.5
2021-05-10,444.3999938964844
2021-05-11,449.5
2021-05-12,450.8999938964844
2021-05-13,423.5
2021-05-14,423.5
2021-05-17,414.8999938964844
2021-05-18,410.79998779296875
2021-05-19,403.20001220703125
2021-05-20,401.1000061035156
2021-05-21,398.8999938964844
2021-05-24,400.20001220703125
2021-05-25,386.29998779296875
2021-05-26,383.79998779296875
2021-05-27,390.29998779296875
2021-05-28,395.5
2021-06-01,398.70001220703125
2021-06-02,394.0
2021-06-03,391.6000061035156
2021-06-04,396.20001220703125
2021-06-07,386.8999938964844
2021-06-08,389.79998779296875
2021-06-09,386.3999938964844
2021-06-10,381.6000061035156
2021-06-11,383.29998779296875
2021-06-14,373.8999938964844
2021-06-15,372.3999938964844
2021-06-16,379.20001220703125
2021-06-17,361.5
2021-06-18,373.3999938964844
2021-06-21,373.1000061035156
2021-06-22,363.29998779296875
2021-06-23,354.20001220703125
2021-06-24,345.79998779296875
2021-06-25,347.20001220703125
2021-06-28,351.6000061035156
2021-06-29,348.3999938964844
2021-06-30,375.5
2021-07-01,381.79998779296875
2021-07-02,379.8999938964844
2021-07-06,355.0
2021-07-07,357.20001220703125
2021-07-08,355.29998779296875
2021-07-09,352.5
2021-07-12,354.8999938964844
2021-07-13,355.1000061035156
2021-07-14,366.6000061035156
2021-07-15,362.70001220703125
2021-07-16,363.20001220703125
2021-07-19,359.79998779296875
2021-07-20,365.5
2021-07-21,369.79998779296875
2021-07-22,363.20001220703125
2021-07-23,353.6000061035156
2021-07-26,353.6000061035156
2021-07-27,358.79998779296875
2021-07-28,356.1000061035156
2021-07-29,356.5
2021-07-30,352.6000061035156
2021-08-02,357.20001220703125
2021-08-03,347.79998779296875
2021-08-04,353.1000061035156
2021-08-05,356.8999938964844
2021-08-06,358.79998779296875
2021-08-09,359.6000061035156
2021-08-10,360.29998779296875
2021-08-11,355.3999938964844
2021-08-12,355.3999938964844
2021-08-13,358.1000061035156
2021-08-16,359.3999938964844
2021-08-17,360.1000061035156
2021-08-18,357.6000061035156
2021-08-19,351.5
2021-08-20,353.29998779296875
2021-08-23,346.6000061035156
2021-08-24,354.8999938964844
2021-08-25,352.29998779296875
2021-08-26,356.5
2021-08-27,354.20001220703125
2021-08-30,347.6000061035156
2021-08-31,346.3999938964844
2021-09-01,343.70001220703125
2021-09-02,337.8999938964844
2021-09-03,340.8999938964844
2021-09-07,337.29998779296875
2021-09-08,337.3999938964844
2021-09-09,336.29998779296875
2021-09-10,342.0
2021-09-13,344.70001220703125
2021-09-14,341.20001220703125
2021-09-15,335.8999938964844
2021-09-16,340.20001220703125
2021-09-17,338.5
2021-09-20,336.1000061035156
2021-09-21,337.8999938964844
2021-09-22,337.8999938964844
2021-09-23,336.6000061035156
2021-09-24,336.1000061035156
2021-09-27,337.29998779296875
2021-09-28,337.29998779296875
2021-09-29,338.1000061035156
2021-09-30,326.20001220703125
2021-10-01,325.0
2021-10-04,322.1000061035156
2021-10-05,320.20001220703125
2021-10-06,321.6000061035156
2021-10-07,318.79998779296875
2021-10-08,317.5
2021-10-11,316.20001220703125
2021-10-12,312.8999938964844
2021-10-13,313.3999938964844
2021-10-14,317.1000061035156
2021-10-15,316.6000061035156
2021-10-18,317.8999938964844
2021-10-19,322.6000061035156
2021-10-20,328.3999938964844
2021-10-21,324.0
2021-10-22,327.3999938964844
2021-10-25,327.20001220703125
2021-10-26,326.8999938964844
2021-10-27,330.8999938964844
2021-10-28,330.8999938964844
2021-10-29,332.6000061035156
2021-11-01,329.1000061035156
2021-11-02,337.20001220703125
2021-11-03,340.79998779296875
2021-11-04,335.79998779296875
2021-11-05,332.70001220703125
2021-11-08,331.79998779296875
2021-11-09,342.5
2021-11-10,342.3999938964844
2021-11-11,344.5
2021-11-12,362.1000061035156
2021-11-15,371.70001220703125
2021-11-16,367.5
2021-11-17,374.70001220703125
2021-11-18,370.3999938964844
2021-11-19,371.79998779296875
2021-11-22,370.0
2021-11-23,362.20001220703125
2021-11-24,357.6000061035156
2021-11-26,356.20001220703125
2021-11-29,347.70001220703125
2021-11-30,348.79998779296875
2021-12-01,356.5
2021-12-02,358.0
2021-12-03,367.70001220703125
2021-12-06,359.70001220703125
2021-12-07,358.8999938964844
2021-12-08,365.6000061035156
2021-12-09,368.79998779296875
2021-12-10,377.8999938964844
2021-12-13,384.0
2021-12-14,404.5
2021-12-15,372.20001220703125
2021-12-16,372.29998779296875
2021-12-17,379.5
2021-12-20,386.20001220703125
2021-12-21,394.0
2021-12-22,402.79998779296875
2021-12-23,406.1000061035156
2021-12-27,414.79998779296875
2021-12-28,415.8999938964844
2021-12-29,415.3999938964844
2021-12-30,413.6000061035156
2021-12-31,411.70001220703125
2022-01-03,423.8999938964844
2022-01-04,427.6000061035156
2022-01-05,424.1000061035156
2022-01-06,420.3999938964844
2022-01-07,433.5
2022-01-10,427.6000061035156
2022-01-11,427.29998779296875
2022-01-12,431.0
2022-01-13,423.70001220703125
2022-01-14,445.0
2022-01-18,390.1000061035156
2022-01-19,398.29998779296875
2022-01-20,400.79998779296875
2022-01-21,392.70001220703125
2022-01-24,393.8999938964844
2022-01-25,392.0
2022-01-26,400.5
2022-01-27,404.70001220703125
2022-01-28,411.20001220703125
2022-01-31,418.8999938964844
2022-02-01,436.0
2022-02-02,435.1000061035156
2022-02-03,437.1000061035156
2022-02-04,443.8999938964844
2022-02-07,452.79998779296875
2022-02-08,454.1000061035156
2022-02-09,461.8999938964844
2022-02-10,454.0
2022-02-11,456.6000061035156
2022-02-14,448.3999938964844
2022-02-15,438.79998779296875
2022-02-16,449.3999938964844
2022-02-17,449.20001220703125
2022-02-18,447.8999938964844
2022-02-22,453.70001220703125
2022-02-23,471.1000061035156
2022-02-24,464.8999938964844
2022-02-25,448.29998779296875
2022-02-28,454.8999938964844
2022-03-01,463.70001220703125
2022-03-02,457.70001220703125
2022-03-03,461.3999938964844
2022-03-04,468.8999938964844
2022-03-07,467.8999938964844
2022-03-08,489.8999938964844
2022-03-09,495.0
2022-03-10,506.79998779296875
2022-03-11,493.1000061035156
2022-03-14,521.9000244140625
2022-03-15,484.0
2022-03-16,478.0
2022-03-17,474.1000061035156
2022-03-18,477.0
2022-03-21,481.29998779296875
2022-03-22,476.79998779296875
2022-03-23,485.1000061035156
2022-03-24,485.8999938964844
2022-03-25,487.8999938964844
2022-03-28,478.8999938964844
2022-03-29,466.0
2022-03-30,473.1000061035156
2022-03-31,467.5
2022-04-01,450.0
2022-04-04,455.1000061035156
2022-04-05,465.8999938964844
2022-04-06,461.79998779296875
2022-04-07,460.20001220703125
2022-04-08,468.20001220703125
2022-04-11,459.1000061035156
2022-04-12,460.8999938964844
2022-04-13,458.20001220703125
2022-04-14,461.3999938964844
2022-04-18,466.0
2022-04-19,464.3999938964844
2022-04-20,471.3999938964844
2022-04-21,468.8999938964844
2022-04-22,458.79998779296875
2022-04-25,452.3999938964844
2022-04-26,444.79998779296875
2022-04-27,451.0
2022-04-28,440.20001220703125
2022-04-29,440.5
2022-05-02,442.8999938964844
2022-05-03,436.3999938964844
2022-05-04,428.29998779296875
2022-05-05,426.8999938964844
2022-05-06,423.3999938964844
2022-05-09,411.1000061035156
2022-05-10,407.8999938964844
2022-05-11,400.6000061035156
2022-05-12,399.3999938964844
2022-05-13,406.3999938964844
2022-05-16,413.6000061035156
2022-05-17,411.79998779296875
2022-05-18,414.0
2022-05-19,425.29998779296875
2022-05-20,429.8999938964844
2022-05-23,422.5
2022-05-24,427.1000061035156
2022-05-25,424.20001220703125
2022-05-26,428.20001220703125
2022-05-27,432.29998779296875
2022-05-31,414.79998779296875
2022-06-01,412.70001220703125
2022-06-02,414.8999938964844
2022-06-03,407.8999938964844
2022-06-06,407.1000061035156
2022-06-07,417.3999938964844
2022-06-08,415.6000061035156
2022-06-09,427.5
2022-06-10,429.1000061035156
2022-06-13,415.1000061035156
2022-06-14,411.0
2022-06-15,417.5
2022-06-16,429.70001220703125
2022-06-17,438.1000061035156
2022-06-21,431.29998779296875
2022-06-22,432.3999938964844
2022-06-23,426.70001220703125
2022-06-24,432.6000061035156
2022-06-27,442.70001220703125
2022-06-28,455.1000061035156
2022-06-29,463.20001220703125
2022-06-30,469.8999938964844
2022-07-01,459.70001220703125
2022-07-05,452.79998779296875
2022-07-06,462.6000061035156
2022-07-07,470.0
2022-07-08,478.3999938964844
2022-07-11,482.8999938964844
2022-07-12,478.70001220703125
2022-07-13,491.5
2022-07-14,497.29998779296875
2022-07-15,431.0
2022-07-18,434.5
2022-07-19,435.0
2022-07-20,436.5
2022-07-21,434.3999938964844
2022-07-22,431.5
2022-07-25,447.5
2022-07-26,472.3999938964844
2022-07-27,488.8999938964844
2022-07-28,489.70001220703125
2022-07-29,495.29998779296875
2022-08-01,487.0
2022-08-02,489.20001220703125
2022-08-03,481.70001220703125
2022-08-04,513.7000122070312
2022-08-05,499.1000061035156
2022-08-08,498.70001220703125
2022-08-09,513.5999755859375
2022-08-10,515.5999755859375
2022-08-11,520.2000122070312
2022-08-12,520.2000122070312
2022-08-15,452.20001220703125
2022-08-16,435.8999938964844
2022-08-17,440.6000061035156
2022-08-18,449.3999938964844
2022-08-19,448.70001220703125
2022-08-22,460.5
2022-08-23,468.5
2022-08-24,467.70001220703125
2022-08-25,458.0
2022-08-26,478.1000061035156
2022-08-29,478.3999938964844
2022-08-30,462.3999938964844
2022-08-31,458.8999938964844
2022-09-01,452.0
2022-09-02,444.1000061035156
2022-09-06,433.5
2022-09-07,436.1000061035156
2022-09-08,427.79998779296875
2022-09-09,440.8999938964844
2022-09-12,472.8999938964844
2022-09-13,462.1000061035156
2022-09-14,461.29998779296875
2022-09-15,434.5
2022-09-16,429.6000061035156
2022-09-19,438.20001220703125
2022-09-20,450.79998779296875
2022-09-21,454.70001220703125
2022-09-22,445.8999938964844
2022-09-23,439.8999938964844
2022-09-26,432.6000061035156
2022-09-27,426.1000061035156
2022-09-28,421.79998779296875
2022-09-29,409.1000061035156
2022-09-30,403.20001220703125
2022-10-03,405.6000061035156
2022-10-04,403.0
2022-10-05,402.5
2022-10-06,397.3999938964844
2022-10-07,404.8999938964844
2022-10-10,410.70001220703125
2022-10-11,410.3999938964844
2022-10-12,421.79998779296875
2022-10-13,418.5
2022-10-14,418.5
2022-10-17,411.0
2022-10-18,401.79998779296875
2022-10-19,401.70001220703125
2022-10-20,413.29998779296875
2022-10-21,417.8999938964844
2022-10-24,408.70001220703125
2022-10-25,415.6000061035156
2022-10-26,408.70001220703125
2022-10-27,415.3999938964844
2022-10-28,425.3999938964844
2022-10-31,428.1000061035156
2022-11-01,424.79998779296875
2022-11-02,424.5
2022-11-03,414.29998779296875
2022-11-04,420.3999938964844
2022-11-07,419.0
2022-11-08,419.29998779296875
2022-11-09,417.6000061035156
2022-11-10,404.1000061035156
2022-11-11,407.3999938964844
2022-11-14,406.0
2022-11-15,409.8999938964844
2022-11-16,406.6000061035156
2022-11-17,405.70001220703125
2022-11-18,410.3999938964844
2022-11-21,411.3999938964844
2022-11-22,408.6000061035156
2022-11-23,409.70001220703125
2022-11-25,408.79998779296875
2022-11-28,413.6000061035156
2022-11-29,408.5
2022-11-30,417.70001220703125
2022-12-01,420.8999938964844
2022-12-02,424.5
2022-12-05,432.0
2022-12-06,449.20001220703125
2022-12-07,462.20001220703125
2022-12-08,469.29998779296875
2022-12-09,471.70001220703125
2022-12-12,448.29998779296875
2022-12-13,450.0
2022-12-14,456.0
2022-12-15,455.29998779296875
2022-12-16,463.0
2022-12-19,449.1000061035156
2022-12-20,452.3999938964844
2022-12-21,456.0
2022-12-22,452.0
2022-12-23,455.29998779296875
2022-12-27,451.79998779296875
2022-12-28,466.29998779296875
2022-12-29,464.1000061035156
2022-12-30,478.5
2023-01-03,476.79998779296875
2023-01-04,482.5
2023-01-05,488.70001220703125
2023-01-06,503.1000061035156
2023-01-09,496.70001220703125
2023-01-10,500.8999938964844
2023-01-11,505.0
2023-01-12,513.0
2023-01-13,513.0
2023-01-17,481.20001220703125
2023-01-18,478.1000061035156
2023-01-19,471.20001220703125
2023-01-20,463.70001220703125
2023-01-23,461.8999938964844
2023-01-24,459.79998779296875
2023-01-25,465.5
2023-01-26,477.1000061035156
2023-01-27,473.5
2023-01-30,488.70001220703125
2023-01-31,484.20001220703125
2023-02-01,484.70001220703125
2023-02-02,491.79998779296875
2023-02-03,496.5
2023-02-06,489.0
2023-02-07,481.3999938964844
2023-02-08,481.8999938964844
2023-02-09,495.5
2023-02-10,499.3999938964844
2023-02-13,504.0
2023-02-14,501.0
2023-02-15,491.1000061035156
2023-02-16,491.3999938964844
2023-02-17,491.1000061035156
2023-02-21,497.70001220703125
2023-02-22,492.6000061035156
2023-02-23,493.1000061035156
2023-02-24,497.1000061035156
2023-02-27,498.70001220703125
2023-02-28,487.6000061035156
2023-03-01,490.3999938964844
2023-03-02,489.29998779296875
2023-03-03,498.1000061035156
2023-03-06,507.8999938964844
2023-03-07,501.5
2023-03-08,498.3999938964844
2023-03-09,498.8999938964844
2023-03-10,498.79998779296875
2023-03-13,492.20001220703125
2023-03-14,492.20001220703125
2023-03-15,478.3999938964844
2023-03-16,474.0
2023-03-17,466.0
2023-03-20,462.70001220703125
2023-03-21,460.6000061035156
2023-03-22,451.6000061035156
2023-03-23,438.29998779296875
2023-03-24,445.1000061035156
2023-03-27,446.0
2023-03-28,457.8999938964844
2023-03-29,458.20001220703125
2023-03-30,459.8999938964844
2023-03-31,466.0
2023-04-03,464.20001220703125
2023-04-04,457.3999938964844
2023-04-05,450.6000061035156
2023-04-06,454.29998779296875
2023-04-10,450.70001220703125
2023-04-11,457.79998779296875
2023-04-12,460.20001220703125
2023-04-13,463.6000061035156
2023-04-14,459.70001220703125
2023-04-17,465.70001220703125
2023-04-18,461.1000061035156
2023-04-19,454.3999938964844
2023-04-20,451.29998779296875
2023-04-21,445.70001220703125
2023-04-24,439.5
2023-04-25,434.79998779296875
2023-04-26,426.0
2023-04-27,427.8999938964844
2023-04-28,435.29998779296875
2023-05-01,435.29998779296875
2023-05-02,429.79998779296875
2023-05-03,427.79998779296875
2023-05-04,427.29998779296875
2023-05-05,428.8999938964844
2023-05-08,425.5
2023-05-09,416.3999938964844
2023-05-10,417.8999938964844
2023-05-11,426.6000061035156
2023-05-12,428.1000061035156
2023-05-15,430.8999938964844
2023-05-16,426.8999938964844
2023-05-17,425.29998779296875
2023-05-18,414.1000061035156
2023-05-19,409.1000061035156
2023-05-22,412.20001220703125
2023-05-23,406.3999938964844
2023-05-24,402.20001220703125
2023-05-25,397.20001220703125
2023-05-26,402.20001220703125
2023-05-30,392.6000061035156
2023-05-31,393.3999938964844
2023-06-01,401.3999938964844
2023-06-02,397.79998779296875
2023-06-05,401.20001220703125
2023-06-06,396.70001220703125
2023-06-07,405.20001220703125
2023-06-08,404.0
2023-06-09,397.20001220703125
2023-06-12,397.3999938964844
2023-06-13,397.5
2023-06-14,389.70001220703125
2023-06-15,394.20001220703125
2023-06-16,416.3999938964844
2023-06-20,412.79998779296875
2023-06-21,439.20001220703125
2023-06-22,424.70001220703125
2023-06-23,410.70001220703125
2023-06-26,414.6000061035156
2023-06-27,407.29998779296875
2023-06-28,401.79998779296875
2023-06-29,403.0
2023-06-30,419.20001220703125
2023-07-03,418.6000061035156
2023-07-05,417.8999938964844
2023-07-06,415.6000061035156
2023-07-07,409.6000061035156
2023-07-10,412.29998779296875
2023-07-11,422.29998779296875
2023-07-12,421.3999938964844
2023-07-13,430.8999938964844
2023-07-14,430.0
2023-07-17,434.3999938964844
2023-07-18,442.70001220703125
2023-07-19,443.79998779296875
2023-07-20,440.5
2023-07-21,442.79998779296875
2023-07-24,447.29998779296875
2023-07-25,453.79998779296875
2023-07-26,464.70001220703125
2023-07-27,464.5
2023-07-28,455.20001220703125
2023-07-31,451.20001220703125
2023-08-01,456.1000061035156
2023-08-02,451.79998779296875
2023-08-03,451.20001220703125
2023-08-04,444.1000061035156
2023-08-07,446.20001220703125
2023-08-08,433.20001220703125
2023-08-09,426.29998779296875
2023-08-10,429.6000061035156
2023-08-11,436.8999938964844
2023-08-14,462.29998779296875
2023-08-15,403.79998779296875
2023-08-16,404.5
2023-08-17,399.6000061035156
2023-08-18,403.8999938964844
2023-08-21,409.79998779296875
2023-08-22,406.29998779296875
2023-08-23,413.0
2023-08-24,422.70001220703125
2023-08-25,422.79998779296875
2023-08-28,425.70001220703125
2023-08-29,419.29998779296875
2023-08-30,423.0
2023-08-31,418.70001220703125
2023-09-01,412.70001220703125
2023-09-05,406.29998779296875
2023-09-06,408.1000061035156
2023-09-07,403.3999938964844
2023-09-08,411.8999938964844
2023-09-11,412.0
2023-09-12,405.20001220703125
2023-09-13,401.8999938964844
2023-09-14,401.8999938964844
2023-09-15,393.6000061035156
2023-09-18,390.3999938964844
2023-09-19,391.5
2023-09-20,397.20001220703125
2023-09-21,390.29998779296875
2023-09-22,388.20001220703125
2023-09-25,392.0
2023-09-26,394.0
2023-09-27,390.1000061035156
2023-09-28,392.3999938964844
2023-09-29,375.8999938964844
2023-10-02,367.6000061035156
2023-10-03,363.20001220703125
2023-10-04,368.70001220703125
2023-10-05,373.6000061035156
2023-10-06,367.6000061035156
2023-10-09,370.8999938964844
2023-10-10,372.0
2023-10-11,374.29998779296875
2023-10-12,387.6000061035156
2023-10-13,387.6000061035156
2023-10-16,390.20001220703125
2023-10-17,399.79998779296875
2023-10-18,413.79998779296875
2023-10-19,423.0
2023-10-20,423.8999938964844
2023-10-23,420.5
2023-10-24,434.20001220703125
2023-10-25,429.20001220703125
2023-10-26,429.5
2023-10-27,442.3999938964844
2023-10-30,426.5
2023-10-31,431.0
2023-11-01,430.3999938964844
2023-11-02,426.29998779296875
2023-11-03,442.1000061035156
2023-11-06,437.5
2023-11-07,447.3999938964844
2023-11-08,449.79998779296875
2023-11-09,449.8999938964844
2023-11-10,449.3999938964844
2023-11-13,469.1000061035156
2023-11-14,473.6000061035156
2023-11-15,469.20001220703125
2023-11-16,466.79998779296875
2023-11-17,453.29998779296875
2023-11-20,460.20001220703125
2023-11-21,459.20001220703125
2023-11-22,458.1000061035156
2023-11-24,457.3999938964844
2023-11-27,458.70001220703125
2023-11-28,450.29998779296875
2023-11-29,444.29998779296875
2023-11-30,442.20001220703125
2023-12-01,425.29998779296875
2023-12-04,422.29998779296875
2023-12-05,433.70001220703125
2023-12-06,424.3999938964844
2023-12-07,424.5
2023-12-08,424.20001220703125
2023-12-11,430.70001220703125
2023-12-12,429.20001220703125
2023-12-13,421.1000061035156
2023-12-14,421.1000061035156
2023-12-15,405.6000061035156
2023-12-18,412.79998779296875
2023-12-19,403.20001220703125
2023-12-20,399.8999938964844
2023-12-21,395.3999938964844
2023-12-22,399.6000061035156
2023-12-26,403.20001220703125
2023-12-27,398.8999938964844
2023-12-28,393.0
2023-12-29,386.0
2024-01-02,378.8999938964844
2024-01-03,381.0
2024-01-04,381.20001220703125
2024-01-05,368.6000061035156
2024-01-08,368.1000061035156
2024-01-09,366.0
2024-01-10,361.29998779296875
2024-01-11,361.3999938964844
2024-01-12,351.29998779296875
2024-01-16,371.1000061035156
2024-01-17,358.70001220703125
2024-01-18,361.29998779296875
2024-01-19,356.5
2024-01-22,355.79998779296875
2024-01-23,361.1000061035156
2024-01-24,363.29998779296875
2024-01-25,358.20001220703125
2024-01-26,349.0
2024-01-29,354.29998779296875
2024-01-30,363.0
2024-01-31,368.29998779296875
2024-02-01,361.70001220703125
2024-02-02,356.79998779296875
2024-02-05,361.1000061035156
2024-02-06,358.79998779296875
2024-02-07,351.20001220703125
2024-02-08,347.1000061035156
2024-02-09,346.79998779296875
2024-02-12,348.8999938964844
2024-02-13,344.79998779296875
2024-02-14,343.29998779296875
2024-02-15,339.5
2024-02-16,345.6000061035156
2024-02-20,347.6000061035156
2024-02-21,342.0
2024-02-22,334.8999938964844
2024-02-23,331.5
2024-02-26,334.3999938964844
2024-02-27,327.79998779296875
2024-02-28,331.29998779296875
2024-02-29,333.29998779296875
2024-03-01,334.0
2024-03-04,335.20001220703125
2024-03-05,331.20001220703125
2024-03-06,334.8999938964844
2024-03-07,339.8999938964844
2024-03-08,341.29998779296875
2024-03-11,337.1000061035156
2024-03-12,333.79998779296875
2024-03-13,331.0
2024-03-14,333.20001220703125
2024-03-15,334.70001220703125
2024-03-18,331.8999938964844
2024-03-19,333.8999938964844
2024-03-20,342.5
2024-03-21,344.29998779296875
2024-03-22,339.1000061035156
2024-03-25,341.70001220703125
2024-03-26,339.79998779296875
2024-03-27,339.0
2024-03-28,337.70001220703125
2024-04-01,333.3999938964844
2024-04-02,328.29998779296875
2024-04-03,330.0
2024-04-04,333.5
2024-04-05,333.1000061035156
2024-04-08,336.0
2024-04-09,335.6000061035156
2024-04-10,330.8999938964844
2024-04-11,335.6000061035156
2024-04-12,344.3999938964844
2024-04-15,338.5
2024-04-16,335.29998779296875
2024-04-17,338.70001220703125
2024-04-18,338.0
2024-04-19,343.70001220703125
2024-04-22,344.29998779296875
2024-04-23,345.20001220703125
2024-04-24,346.0
2024-04-25,343.8999938964844
2024-04-26,340.0
2024-04-29,348.29998779296875
2024-04-30,346.29998779296875
2024-05-01,342.6000061035156
2024-05-02,357.1000061035156
2024-05-03,366.5
2024-05-06,381.20001220703125
2024-05-07,377.3999938964844
2024-05-08,374.79998779296875
2024-05-09,368.0
2024-05-10,367.0
2024-05-13,361.6000061035156
2024-05-14,363.6000061035156
2024-05-15,371.70001220703125
2024-05-16,367.70001220703125
2024-05-17,368.79998779296875
2024-05-20,374.1000061035156
2024-05-21,372.29998779296875
2024-05-22,378.20001220703125
2024-05-23,376.70001220703125
2024-05-24,386.5
2024-05-28,376.6000061035156
2024-05-29,369.1000061035156
2024-05-30,363.6000061035156
2024-05-31,364.70001220703125
2024-06-03,359.5
2024-06-04,355.1000061035156
2024-06-05,359.5
2024-06-06,362.79998779296875
2024-06-07,360.70001220703125
2024-06-10,368.0
2024-06-11,359.29998779296875
2024-06-12,360.20001220703125
2024-06-13,368.29998779296875
2024-06-14,368.3999938964844
2024-06-17,360.29998779296875
2024-06-18,364.6000061035156
2024-06-20,357.6000061035156
2024-06-21,361.79998779296875
2024-06-24,372.79998779296875
2024-06-25,365.29998779296875
2024-06-26,360.8999938964844
2024-06-27,361.1000061035156
2024-06-28,360.5
2024-07-01,365.70001220703125
2024-07-02,368.8999938964844
2024-07-03,370.5
2024-07-05,387.0
2024-07-08,379.5
2024-07-09,376.20001220703125
2024-07-10,376.29998779296875
2024-07-11,378.3999938964844
2024-07-12,368.5
2024-07-15,333.79998779296875
2024-07-16,335.3999938964844
2024-07-17,339.1000061035156
2024-07-18,337.20001220703125
2024-07-19,336.79998779296875
2024-07-22,343.6000061035156
2024-07-23,342.70001220703125
2024-07-24,343.3999938964844
2024-07-25,352.3999938964844
2024-07-26,353.29998779296875
2024-07-29,355.5
2024-07-30,352.0
2024-07-31,354.1000061035156
2024-08-01,355.8999938964844
2024-08-02,361.5
2024-08-05,360.70001220703125
2024-08-06,347.70001220703125
2024-08-07,340.79998779296875
2024-08-08,335.29998779296875
2024-08-09,326.29998779296875
2024-08-12,318.29998779296875
2024-08-13,306.6000061035156
2024-08-14,320.6000061035156
2024-08-15,307.8999938964844
2024-08-16,303.3999938964844
2024-08-19,311.70001220703125
2024-08-20,312.29998779296875
2024-08-21,312.5
2024-08-22,306.3999938964844
2024-08-23,306.29998779296875
2024-08-26,312.1000061035156
2024-08-27,317.29998779296875
2024-08-28,310.79998779296875
2024-08-29,308.6000061035156
2024-08-30,311.6000061035156
2024-09-03,319.70001220703125
2024-09-04,323.79998779296875
2024-09-05,320.70001220703125
2024-09-06,318.3999938964844
2024-09-09,317.79998779296875
2024-09-10,310.6000061035156
2024-09-11,313.29998779296875
2024-09-12,316.5
2024-09-13,315.3999938964844
2024-09-16,320.1000061035156
2024-09-17,318.0
2024-09-18,317.8999938964844
2024-09-19,319.8999938964844
2024-09-20,317.3999938964844
2024-09-23,326.5
2024-09-24,323.6000061035156
2024-09-25,326.1000061035156
2024-09-26,324.20001220703125
2024-09-27,343.70001220703125
2024-09-30,344.29998779296875
2024-10-01,350.0
2024-10-02,341.3999938964844
2024-10-03,332.79998779296875
2024-10-04,330.5
2024-10-07,324.79998779296875
2024-10-08,323.6000061035156
2024-10-09,322.5
2024-10-10,317.5
2024-10-11,316.5
2024-10-14,316.5
2024-10-15,311.79998779296875
2024-10-16,313.70001220703125
2024-10-17,318.1000061035156
2024-10-18,315.6000061035156
2024-10-21,318.29998779296875
2024-10-22,317.70001220703125
2024-10-23,315.0
2024-10-24,310.3999938964844
2024-10-25,305.79998779296875
2024-10-28,304.79998779296875
2024-10-29,301.79998779296875
2024-10-30,301.6000061035156
2024-10-31,299.5
2024-11-01,295.29998779296875
2024-11-04,299.6000061035156
2024-11-05,299.5
2024-11-06,298.3999938964844
2024-11-07,298.5
2024-11-08,296.20001220703125
2024-11-11,295.1000061035156
2024-11-12,292.8999938964844
2024-11-13,291.6000061035156
2024-11-14,287.0
2024-11-15,289.6000061035156
2024-11-18,290.29998779296875
2024-11-19,288.6000061035156
2024-11-20,289.3999938964844
2024-11-21,287.70001220703125
2024-11-22,289.20001220703125
2024-11-25,293.70001220703125
2024-11-26,288.1000061035156
2024-11-27,290.5
2024-11-29,287.1000061035156
2024-12-02,283.3999938964844
2024-12-03,286.0
2024-12-04,288.0
2024-12-05,287.3999938964844
2024-12-06,283.79998779296875
2024-12-09,286.1000061035156
2024-12-10,288.79998779296875
2024-12-11,288.0
2024-12-12,286.5
2024-12-13,284.1000061035156
2024-12-16,286.8999938964844
2024-12-17,287.20001220703125
2024-12-18,279.5
2024-12-19,284.1000061035156
2024-12-20,294.5
2024-12-23,289.5
2024-12-24,292.8999938964844
2024-12-26,305.70001220703125
2024-12-27,300.8999938964844
2024-12-30,302.6000061035156
2024-12-31,307.6000061035156
2025-01-02,310.8999938964844
2025-01-03,299.8999938964844
2025-01-06,298.6000061035156
2025-01-07,295.29998779296875
2025-01-08,292.6000061035156
2025-01-09,291.79998779296875
2025-01-10,290.6000061035156
2025-01-13,300.20001220703125
2025-01-14,298.3999938964844
2025-01-15,302.0
2025-01-16,294.3999938964844
2025-01-17,297.20001220703125
2025-01-21,311.0
2025-01-22,315.79998779296875
2025-01-23,315.29998779296875
2025-01-24,304.8999938964844
2025-01-27,300.79998779296875
2025-01-28,301.6000061035156
2025-01-29,309.79998779296875
2025-01-30,304.70001220703125
2025-01-31,301.1000061035156
2025-02-03,303.70001220703125
2025-02-04,314.0
2025-02-05,308.29998779296875
2025-02-06,306.3999938964844
2025-02-07,301.3999938964844
2025-02-10,300.5
2025-02-11,296.6000061035156
2025-02-12,294.1000061035156
2025-02-13,292.70001220703125
2025-02-14,295.8999938964844
2025-02-18,293.79998779296875
2025-02-19,294.70001220703125
2025-02-20,296.0
2025-02-21,294.79998779296875
2025-02-24,291.79998779296875
2025-02-25,293.79998779296875
2025-02-26,293.3999938964844
2025-02-27,290.8999938964844
2025-02-28,291.70001220703125
2025-03-03,290.1000061035156
2025-03-04,285.8999938964844
2025-03-05,293.0
2025-03-06,297.1000061035156
2025-03-07,296.5
2025-03-10,294.3999938964844
2025-03-11,294.1000061035156
2025-03-12,292.3999938964844
2025-03-13,300.29998779296875
2025-03-14,298.8999938964844
2025-03-17,304.29998779296875
2025-03-18,299.8999938964844
2025-03-19,297.70001220703125
2025-03-20,297.1000061035156
2025-03-21,300.29998779296875
2025-03-24,297.6000061035156
2025-03-25,295.1000061035156
2025-03-26,293.6000061035156
2025-03-27,294.5
2025-03-28,293.5
2025-03-31,292.70001220703125
2025-04-01,292.29998779296875
2025-04-02,287.20001220703125
2025-04-03,288.0
2025-04-04,283.1000061035156
2025-04-07,288.3999938964844
2025-04-08,291.0
2025-04-09,294.5
2025-04-10,297.8999938964844
2025-04-11,299.6000061035156
2025-04-14,297.1000061035156
2025-04-15,294.20001220703125
2025-04-16,296.70001220703125
2025-04-17,295.6000061035156
2025-04-21,292.8999938964844
2025-04-22,291.8999938964844
2025-04-23,290.79998779296875
2025-04-24,288.70001220703125
2025-04-25,290.0
2025-04-28,287.0
2025-04-29,290.5
2025-04-30,290.0
2025-05-01,286.5
2025-05-02,290.20001220703125
2025-05-05,288.70001220703125
2025-05-06,286.1000061035156
2025-05-07,288.0
2025-05-08,287.79998779296875
2025-05-09,287.20001220703125
2025-05-12,291.1000061035156
2025-05-13,285.8999938964844
2025-05-14,285.3999938964844
2025-05-15,296.3999938964844
2025-05-16,291.8999938964844
2025-05-19,291.1000061035156
2025-05-20,292.6000061035156
2025-05-21,294.1000061035156
2025-05-22,298.5
2025-05-23,296.20001220703125
2025-05-27,296.29998779296875
2025-05-28,293.70001220703125
2025-05-29,296.3999938964844
2025-05-30,296.29998779296875
2025-06-02,293.8999938964844
2025-06-03,294.5
2025-06-04,297.1000061035156
2025-06-05,297.1000061035156
2025-06-06,295.70001220703125
2025-06-09,295.5
2025-06-10,295.8999938964844
2025-06-11,294.20001220703125
2025-06-12,294.5
2025-06-13,291.8999938964844
2025-06-16,283.70001220703125
2025-06-17,285.1000061035156
2025-06-18,284.8999938964844
2025-06-20,284.1000061035156
2025-06-23,282.3999938964844
2025-06-24,280.5
2025-06-25,276.0
2025-06-26,270.8999938964844
2025-06-27,271.1000061035156
2025-06-30,271.29998779296875
2025-07-01,269.20001220703125
2025-07-02,272.3999938964844
2025-07-03,273.79998779296875
2025-07-07,268.5
2025-07-08,267.20001220703125
2025-07-09,266.1000061035156
2025-07-10,268.5
2025-07-11,267.6000061035156
2025-07-14,265.20001220703125
2025-07-15,265.29998779296875
2025-07-16,268.3999938964844
2025-07-17,268.70001220703125
2025-07-18,274.0
2025-07-21,270.5
2025-07-22,273.79998779296875
2025-07-23,272.0
2025-07-24,269.70001220703125
2025-07-25,267.79998779296875
2025-07-28,264.8999938964844
2025-07-29,261.70001220703125
2025-07-30,260.70001220703125
2025-07-31,261.79998779296875
2025-08-01,267.5
2025-08-04,273.79998779296875
2025-08-05,273.6000061035156
2025-08-06,269.3999938964844
2025-08-07,272.70001220703125
2025-08-08,273.3999938964844
2025-08-11,277.70001220703125
2025-08-12,278.3999938964844
2025-08-13,284.1000061035156
2025-08-14,282.1000061035156
2025-08-15,283.3999938964844
2025-08-18,280.3999938964844
2025-08-19,287.3999938964844
2025-08-20,292.0
2025-08-21,296.79998779296875
2025-08-22,296.70001220703125
2025-08-25,295.70001220703125
2025-08-26,297.20001220703125
2025-08-27,293.1000061035156
2025-08-28,286.29998779296875
2025-08-29,283.6000061035156
2025-09-02,275.5
2025-09-03,275.8999938964844
2025-09-04,279.3999938964844
2025-09-05,280.5
2025-09-08,284.70001220703125
2025-09-09,291.70001220703125
2025-09-10,286.3999938964844
2025-09-11,288.29998779296875
2025-09-12,288.29998779296875
2025-09-15,285.20001220703125
2025-09-16,285.79998779296875
2025-09-17,283.8999938964844
2025-09-18,283.0
2025-09-19,282.8999938964844
2025-09-22,278.8999938964844
2025-09-23,275.1000061035156
2025-09-24,271.70001220703125
2025-09-25,268.6000061035156
2025-09-26,268.79998779296875
2025-09-29,268.1000061035156
2025-09-30,265.70001220703125
2025-10-01,264.70001220703125
2025-10-02,271.29998779296875
2025-10-03,270.70001220703125
2025-10-06,268.79998779296875
2025-10-07,268.8999938964844
2025-10-08,270.79998779296875
2025-10-09,269.70001220703125
2025-10-10,267.3999938964844
2025-10-13,266.5
2025-10-14,267.0
2025-10-15,275.8999938964844
2025-10-16,276.8999938964844
2025-10-17,281.0
2025-10-20,285.0
2025-10-21,286.8999938964844
2025-10-22,290.0
2025-10-23,292.29998779296875
2025-10-24,294.1000061035156
2025-10-27,298.20001220703125
2025-10-28,306.5
2025-10-29,308.70001220703125
2025-10-30,315.6000061035156
2025-10-31,321.6000061035156
2025-11-03,320.79998779296875
2025-11-04,317.3999938964844
2025-11-05,324.79998779296875
2025-11-06,312.70001220703125
2025-11-07,317.1000061035156
2025-11-10,320.0
2025-11-11,316.8999938964844
2025-11-12,321.0
2025-11-13,328.3999938964844
2025-11-14,322.5
2025-11-17,330.79998779296875
2025-11-18,327.0
2025-11-19,318.8999938964844
2025-11-20,314.0
2025-11-21,315.1000061035156
2025-11-24,314.20001220703125
2025-11-25,317.0
2025-11-26,317.1000061035156
2025-11-28,314.3999938964844
2025-12-01,311.1000061035156
2025-12-02,308.6000061035156
2025-12-03,308.3999938964844
2025-12-04,308.5
2025-12-05,304.70001220703125
2025-12-08,303.6000061035156
2025-12-09,298.20001220703125
2025-12-10,298.20001220703125
2025-12-11,298.79998779296875
2025-12-12,300.6000061035156
2025-12-15,303.5
2025-12-16,302.3999938964844
2025-12-17,298.20001220703125
2025-12-18,298.3999938964844
2025-12-19,297.6000061035156
2025-12-22,298.6000061035156
2025-12-23,301.1000061035156
2025-12-24,304.70001220703125
2025-12-26,303.70001220703125
2025-12-29,298.79998779296875
2025-12-30,296.70001220703125
2025-12-31,294.5
2026-01-02,291.0
2026-01-05,294.8999938964844
2026-01-06,294.70001220703125
2026-01-07,301.5
2026-01-08,300.3999938964844
2026-01-09,300.0
2026-01-12,294.6000061035156
2026-01-13,286.3999938964844
2026-01-14,287.20001220703125
2026-01-15,289.20001220703125
2026-01-16,290.0
2026-01-20,291.6000061035156
2026-01-21,291.3999938964844
2026-01-22,296.20001220703125
2026-01-23,299.8999938964844
2026-01-26,294.29998779296875
2026-01-27,294.0
2026-01-28,297.79998779296875
2026-01-29,296.0
2026-01-30,293.6000061035156
2026-02-02,294.5
2026-02-03,291.8999938964844
2026-02-04,296.20001220703125
2026-02-05,303.20001220703125
2026-02-06,303.6000061035156
2026-02-09,297.79998779296875
2026-02-10,300.79998779296875
2026-02-11,303.0
2026-02-12,307.8999938964844
2026-02-13,309.20001220703125
2026-02-17,305.79998779296875
2026-02-18,303.8999938964844
2026-02-19,304.79998779296875
2026-02-20,309.79998779296875
2026-02-23,308.70001220703125
2026-02-24,310.70001220703125
2026-02-25,318.29998779296875
2026-02-26,317.6000061035156
2026-02-27,315.5
2026-03-02,308.29998779296875
2026-03-03,310.5
2026-03-04,306.1000061035156
2026-03-05,305.6000061035156
2026-03-06,313.1000061035156
2026-03-09,308.79998779296875
2026-03-10,311.79998779296875
2026-03-11,316.3999938964844
2026-03-12,319.8999938964844
2026-03-13,319.8999938964844
2026-03-16,312.20001220703125
2026-03-17,311.70001220703125
2026-03-18,321.70001220703125
2026-03-19,332.5
2026-03-20,328.0
2026-03-23,326.6000061035156
2026-03-24,322.3999938964844
2026-03-25,319.79998779296875
2026-03-26,322.1000061035156
2026-03-27,315.29998779296875
2026-03-30,314.8999938964844
2026-03-31,316.3999938964844
2026-04-01,318.20001220703125
2026-04-02,315.20001220703125
2026-04-06,316.6000061035156
2026-04-07,311.79998779296875
2026-04-08,314.1000061035156
2026-04-09,317.6000061035156
2026-04-10,331.79998779296875
2026-04-13,331.8999938964844
2026-04-14,329.70001220703125
2026-04-15,334.3999938964844
2026-04-16,332.70001220703125
2026-04-17,331.79998779296875
2026-04-20,325.1000061035156
2026-04-21,325.29998779296875
2026-04-22,320.6000061035156
2026-04-23,320.6000061035156
2026-04-24,324.29998779296875
2026-04-27,333.79998779296875
2026-04-28,333.3999938964844
2026-04-29,328.0
2026-04-30,322.29998779296875
2026-05-01,320.79998779296875
2026-05-04,320.70001220703125
2026-05-05,322.6000061035156
2026-05-06,319.79998779296875
2026-05-07,321.29998779296875
2026-05-08,322.5
2026-05-11,327.8999938964844
2026-05-12,332.8999938964844
2026-05-13,342.70001220703125
2026-05-14,342.70001220703125
2026-05-15,334.29998779296875
2026-05-18,334.5
2026-05-19,332.29998779296875
2026-05-20,330.8999938964844
2026-05-21,328.3999938964844
2026-05-22,331.8999938964844
2026-05-26,328.6000061035156
2026-05-27,330.6000061035156
2026-05-28,334.1000061035156
2026-05-29,329.79998779296875
2026-06-01,326.5
2026-06-02,326.20001220703125
2026-06-03,320.79998779296875
2026-06-04,313.70001220703125
2026-06-05,308.5
2026-06-08,302.70001220703125
2026-06-09,301.1000061035156
2026-06-10,301.8999938964844
2026-06-11,301.70001220703125
2026-06-12,301.29998779296875
2026-06-15,302.0
2026-06-16,304.79998779296875
2026-06-17,304.79998779296875
2026-06-18,301.29998779296875
2026-06-22,299.79998779296875
2026-06-23,302.8999938964844
2026-06-24,303.6000061035156
2026-06-25,308.20001220703125
2026-06-26,307.0
2026-06-29,304.70001220703125
2026-06-30,304.70001220703125
2026-07-01,306.6000061035156
2026-07-02,307.70001220703125
2026-07-06,315.0
2026-07-07,318.3999938964844
2026-07-08,314.5
2026-07-09,319.5
2026-07-10,323.1000061035156
2026-07-13,316.79998779296875
2026-07-14,319.6000061035156
2026-07-15,318.8999938964844
2026-07-16,322.8999938964844
2026-07-17,320.20001220703125
2026-07-20,323.5
2026-07-21,326.70001220703125
2026-07-22,331.6000061035156
2026-07-23,329.8999938964844
2026-07-24,331.29998779296875
2026-07-27,320.79998779296875
2026-07-28,320.29998779296875
2026-07-29,315.29998779296875
2026-07-30,314.1000061035156
2026-07-31,312.20001220703125
2026-08-03,313.3999938964844
2026-08-04,310.6000061035156
2026-08-05,309.29998779296875
2026-08-06,310.70001220703125
2026-08-07,308.1000061035156
2026-08-10,303.70001220703125
2026-08-11,303.3999938964844
2026-08-12,311.0
2026-08-13,309.8999938964844
2026-08-14,308.70001220703125
2026-08-17,312.1000061035156
2026-08-18,313.0
2026-08-19,318.8999938964844
2026-08-20,315.70001220703125
2026-08-21,317.70001220703125
2026-08-24,320.29998779296875
2026-08-25,320.29998779296875
2026-08-26,328.70001220703125
2026-08-27,330.20001220703125
2026-08-28,338.20001220703125
2026-08-31,334.6000061035156
2026-09-01,342.0
2026-09-02,339.20001220703125
2026-09-03,345.20001220703125
2026-09-04,345.29998779296875
2026-09-08,341.79998779296875
2026-09-09,343.29998779296875
2026-09-10,348.79998779296875
2026-09-11,347.0
2026-09-14,349.70001220703125
2026-09-15,360.1000061035156
2026-09-16,360.8999938964844
2026-09-17,368.70001220703125
2026-09-18,354.6000061035156
2026-09-21,366.6000061035156
2026-09-22,368.8999938964844
2026-09-23,370.29998779296875
2026-09-24,376.1000061035156
2026-09-25,373.8999938964844
2026-09-28,361.70001220703125
2026-09-29,360.1000061035156
2026-09-30,357.1000061035156
2026-10-01,352.1000061035156
2026-10-02,344.70001220703125
2026-10-05,345.8999938964844
2026-10-06,353.3999938964844
2026-10-07,365.8999938964844
2026-10-08,360.70001220703125
2026-10-09,360.0
