date,js_price,js_basis,ln_price,ln_basis,tj_price,tj_basis,sd_price,sd_basis,gd_price,gd_basis,publishTime,url
2025-03-13,,,,,,,,,,,2025-03-13 16:15,https://ncp.mysteel.com/a/25031316/A188BABF1885B274.html
2025-03-14,,,,,,,,,,,2025-03-14 15:43,https://ncp.mysteel.com/a/25031415/B043C63A23DE7E95.html
2025-03-17,,,,,,,,,,,2025-03-17 16:21,https://ncp.mysteel.com/a/25031716/2FE322EEBCCA8D8C.html
2025-03-18,,,,,,,,,,,2025-03-18 16:17,https://ncp.mysteel.com/a/25031816/1993B591F8D0F73D.html
2025-03-19,,,,,,,,,,,2025-03-19 16:09,https://ncp.mysteel.com/a/25031916/E27E9CB6CB0A3003.html
2025-03-20,,,,,,,,,,,2025-03-20 15:56,https://ncp.mysteel.com/a/25032015/543090019592ACBA.html
2025-03-21,,,,,,,,,,,2025-03-21 16:10,https://ncp.mysteel.com/a/25032116/2B22EF56E9CCE298.html
2025-03-24,,,,,,,,,,,2025-03-24 16:04,https://ncp.mysteel.com/a/25032416/945743905F303C53.html
2025-03-25,,,,,,,,,,,2025-03-25 16:04,https://ncp.mysteel.com/a/25032516/D516551CED97C3B6.html
2025-03-26,,,,,,,,,,,2025-03-26 15:54,https://ncp.mysteel.com/a/25032615/A7ACF98373130AC7.html
2025-03-27,,,,,,,,,,,2025-03-27 15:49,https://ncp.mysteel.com/a/25032715/F694B375850463A3.html
2025-03-28,,,,,,,,,,,2025-03-28 16:00,https://ncp.mysteel.com/a/25032816/9B3042B43088D96E.html
2025-03-31,,,,,,,,,,,2025-03-31 15:57,https://ncp.mysteel.com/a/25033115/9970E2D531BC3C77.html
2025-04-01,,,,,,,,,,,2025-04-01 16:03,https://ncp.mysteel.com/a/25040116/0650FC71460B210D.html
2025-04-02,,,,,,,,,,,2025-04-02 16:08,https://ncp.mysteel.com/a/25040216/763C0F45F5834CD8.html
2025-04-03,,,,,,,,,,,2025-04-03 15:58,https://ncp.mysteel.com/a/25040315/88D0606D49377C72.html
2025-04-07,,,,,,,,,,,2025-04-07 16:07,https://ncp.mysteel.com/a/25040716/49844198361C0710.html
2025-04-08,,,,,,,,,,,2025-04-08 16:13,https://ncp.mysteel.com/a/25040816/D24B2FC081DB4FC6.html
2025-04-09,,,,,,,,,,,2025-04-09 15:54,https://ncp.mysteel.com/a/25040915/F17B2E8E6DE00CB6.html
2025-04-10,,,,,,,,,,,2025-04-10 15:59,https://ncp.mysteel.com/a/25041015/BBC0A115781CF096.html
2025-04-11,,,,,,,,,,,2025-04-11 15:40,https://ncp.mysteel.com/a/25041115/74ACB57144BA422B.html
2025-04-14,,,,,,,,,,,2025-04-14 15:59,https://ncp.mysteel.com/a/25041415/018991BD8F6FF03D.html
2025-04-15,,,,,,,,,,,2025-04-15 16:27,https://ncp.mysteel.com/a/25041516/C40B9FA6E5F3F6B1.html
2025-04-16,,,,,,,,,,,2025-04-16 16:11,https://ncp.mysteel.com/a/25041616/6A33C5CFBD743916.html
2025-04-17,,,,,,,,,,,2025-04-17 16:11,https://ncp.mysteel.com/a/25041716/98065D9120FC3B1E.html
2025-04-18,,,,,,,,,,,2025-04-18 16:26,https://ncp.mysteel.com/a/25041816/B80C1F86E530FA3C.html
2025-04-21,,,,,,,,,,,2025-04-21 16:05,https://ncp.mysteel.com/a/25042116/9408F8484E0CD933.html
2025-04-22,,,,,,,,,,,2025-04-22 16:06,https://ncp.mysteel.com/a/25042216/75B311F37BCC6A1B.html
2025-04-23,,,,,,,,,,,2025-04-23 16:23,https://ncp.mysteel.com/a/25042316/DFA6D62F0A8303F6.html
2025-04-24,,,,,,,,,,,2025-04-24 16:13,https://ncp.mysteel.com/a/25042416/7D2D6CE95BCE182A.html
2025-04-25,,,,,,,,,,,2025-04-25 16:37,https://ncp.mysteel.com/a/25042516/F17BFE22521F2C50.html
2025-04-27,,,,,,,,,,,2025-04-27 16:09,https://ncp.mysteel.com/a/25042716/E5F801265A0239CC.html
2025-04-28,,,,,,,,,,,2025-04-28 16:10,https://ncp.mysteel.com/a/25042816/603A5699A7C5E85E.html
2025-04-29,,,,,,,,,,,2025-04-29 16:06,https://ncp.mysteel.com/a/25042916/14EACC838C9B4DBA.html
2025-04-30,,,,,,,,,,,2025-04-30 15:59,https://ncp.mysteel.com/a/25043015/C9701658852CDF84.html
2025-05-06,,,,,,,,,,,2025-05-06 16:20,https://ncp.mysteel.com/a/25050616/4FB3604FCB7CC70F.html
2025-05-07,,,,,,,,,,,2025-05-07 16:01,https://ncp.mysteel.com/a/25050716/AD6AA85EF794EE79.html
2025-05-08,,,,,,,,,,,2025-05-08 16:05,https://ncp.mysteel.com/a/25050816/F3DC59FF2AA65EA2.html
2025-05-09,,,,,,,,,,,2025-05-09 15:57,https://ncp.mysteel.com/a/25050915/0CF52BFF65FF8A80.html
2025-05-12,,,,,,,,,,,2025-05-12 16:02,https://ncp.mysteel.com/a/25051216/414401F39E4F7101.html
2025-05-13,,,,,,,,,,,2025-05-13 16:05,https://ncp.mysteel.com/a/25051316/C4F71C71EECCF3A1.html
2025-05-14,,,,,,,,,,,2025-05-14 16:00,https://ncp.mysteel.com/a/25051416/E82301AC6D698F3E.html
2025-05-15,,,,,,,,,,,2025-05-15 15:45,https://ncp.mysteel.com/a/25051515/C623AD23811C3A43.html
2025-05-16,,,,,,,,,,,2025-05-16 15:53,https://ncp.mysteel.com/a/25051615/5DBD45A4491D9E10.html
2025-05-19,,,,,,,,,,,2025-05-19 16:09,https://ncp.mysteel.com/a/25051916/C68C5AF764DA4430.html
2025-05-20,,,,,,,,,,,2025-05-20 16:02,https://ncp.mysteel.com/a/25052016/CE8051DEFC4E0B19.html
2025-05-21,,,,,,,,,,,2025-05-21 16:22,https://ncp.mysteel.com/a/25052116/451DB6F711FBF596.html
2025-05-22,,,,,,,,,,,2025-05-22 15:50,https://ncp.mysteel.com/a/25052215/D823B60CAD5F4923.html
2025-05-23,,,,,,,,,,,2025-05-23 16:01,https://ncp.mysteel.com/a/25052316/8967A2AE32E8D4C5.html
2025-05-26,,,,,,,,,,,2025-05-26 16:22,https://ncp.mysteel.com/a/25052616/DAC6A0ED97B5AE66.html
2025-05-27,,,,,,,,,,,2025-05-27 15:54,https://ncp.mysteel.com/a/25052715/B62E24F657D0FD5D.html
2025-05-28,,,,,,,,,,,2025-05-28 16:00,https://ncp.mysteel.com/a/25052816/243B4AB9B17C15F7.html
2025-05-29,,,,,,,,,,,2025-05-29 15:46,https://ncp.mysteel.com/a/25052915/FFBCA26F92FEA2EB.html
2025-05-30,,,,,,,,,,,2025-05-30 16:02,https://ncp.mysteel.com/a/25053016/6E08655CF14AC3AC.html
2025-06-03,,,,,,,,,,,2025-06-03 15:50,https://ncp.mysteel.com/a/25060315/638F3B10C4589682.html
2025-06-04,,,,,,,,,,,2025-06-04 15:39,https://ncp.mysteel.com/a/25060415/06EA1701D332941C.html
2025-06-05,,,,,,,,,,,2025-06-05 15:45,https://ncp.mysteel.com/a/25060515/FD54DE01126879DE.html
2025-06-06,,,,,,,,,,,2025-06-06 15:44,https://ncp.mysteel.com/a/25060615/608AD86A2CAB8AB2.html
2025-06-09,,,,,,,,,,,2025-06-09 16:03,https://ncp.mysteel.com/a/25060916/67D6FF7EDC9DFCEC.html
2025-06-10,,,,,,,,,,,2025-06-10 15:54,https://ncp.mysteel.com/a/25061015/E391DBB62F924CD1.html
2025-06-11,,,,,,,,,,,2025-06-11 15:56,https://ncp.mysteel.com/a/25061115/461C053B4655D275.html
2025-06-12,,,,,,,,,,,2025-06-12 15:50,https://ncp.mysteel.com/a/25061215/D9C644D687EA1CE5.html
2025-06-13,,,,,,,,,,,2025-06-13 15:56,https://ncp.mysteel.com/a/25061315/79C165170EEB21B3.html
2025-06-16,,,,,,,,,,,2025-06-16 15:55,https://ncp.mysteel.com/a/25061615/81C2740912AA14AA.html
2025-06-17,,,,,,,,,,,2025-06-17 15:46,https://ncp.mysteel.com/a/25061715/A9BBF37116E4A3DE.html
2025-06-18,,,,,,,,,,,2025-06-18 15:45,https://ncp.mysteel.com/a/25061815/154283B5EA070476.html
2025-06-19,,,,,,,,,,,2025-06-19 15:47,https://ncp.mysteel.com/a/25061915/BD8D7F3E49F7A136.html
2025-06-20,,,,,,,,,,,2025-06-20 15:52,https://ncp.mysteel.com/a/25062015/16746A33516B2DEB.html
2025-06-23,,,,,,,,,,,2025-06-23 16:08,https://ncp.mysteel.com/a/25062316/2188E3A2C2173621.html
2025-06-24,,,,,,,,,,,2025-06-24 15:58,https://ncp.mysteel.com/a/25062415/182C79173A6537A0.html
2025-06-25,,,,,,,,,,,2025-06-25 16:23,https://ncp.mysteel.com/a/25062516/C3BCBE0CFF22225C.html
2025-06-26,,,,,,,,,,,2025-06-26 15:55,https://ncp.mysteel.com/a/25062615/4ED7AFE02D55F3B3.html
2025-06-27,,,,,,,,,,,2025-06-27 15:59,https://ncp.mysteel.com/a/25062715/3EF0AAA3CFF1D2FD.html
2025-06-30,,,,,,,,,,,2025-06-30 16:11,https://ncp.mysteel.com/a/25063016/7479FE43E2E65AE4.html
2025-07-01,,,,,,,,,,,2025-07-01 16:01,https://ncp.mysteel.com/a/25070116/153A9F42CACF45BF.html
2025-07-02,,,,,,,,,,,2025-07-02 16:02,https://ncp.mysteel.com/a/25070216/A28A826053719DAD.html
2025-07-03,,,,,,,,,,,2025-07-03 15:46,https://ncp.mysteel.com/a/25070315/5B67251D089487BC.html
2025-07-04,,,,,,,,,,,2025-07-04 16:00,https://ncp.mysteel.com/a/25070416/F067E9A8DD4E0F55.html
2025-07-07,,,,,,,,,,,2025-07-07 16:08,https://ncp.mysteel.com/a/25070716/94C6940FCA2383E4.html
2025-07-08,,,,,,,,,,,2025-07-08 15:51,https://ncp.mysteel.com/a/25070815/DA110FBCE05E955C.html
2025-07-09,,,,,,,,,,,2025-07-09 15:57,https://ncp.mysteel.com/a/25070915/040E1431E7396CA5.html
2025-07-10,,,,,,,,,,,2025-07-10 15:59,https://ncp.mysteel.com/a/25071015/6CA8C4B211A2A65A.html
2025-07-11,,,,,,,,,,,2025-07-11 15:57,https://ncp.mysteel.com/a/25071115/9BF52E3DD9674AB4.html
2025-07-14,,,,,,,,,,,2025-07-14 16:03,https://ncp.mysteel.com/a/25071416/80128943509E0083.html
2025-07-15,,,,,,,,,,,2025-07-15 16:02,https://ncp.mysteel.com/a/25071516/94F112C641B37AF1.html
2025-07-16,,,,,,,,,,,2025-07-16 16:22,https://ncp.mysteel.com/a/25071616/4ADD7F465D1CEBC7.html
2025-07-17,,,,,,,,,,,2025-07-17 16:17,https://ncp.mysteel.com/a/25071716/6A426766B0B99EB1.html
2025-07-18,,,,,,,,,,,2025-07-18 15:55,https://ncp.mysteel.com/a/25071815/5D3FD5BA7EE34B96.html
2025-07-21,,,,,,,,,,,2025-07-21 15:59,https://ncp.mysteel.com/a/25072115/F2D65714C04848D8.html
2025-07-22,,,,,,,,,,,2025-07-22 16:18,https://ncp.mysteel.com/a/25072216/F367C32CEE97B76F.html
2025-07-23,,,,,,,,,,,2025-07-23 16:24,https://ncp.mysteel.com/a/25072316/7EA2B4E84278B1DF.html
2025-07-24,,,,,,,,,,,2025-07-24 15:56,https://ncp.mysteel.com/a/25072415/8C9EC0F237C93B72.html
2025-07-25,,,,,,,,,,,2025-07-25 15:59,https://ncp.mysteel.com/a/25072515/D324D852EB56833D.html
2025-07-28,,,,,,,,,,,2025-07-28 16:00,https://ncp.mysteel.com/a/25072816/9D33C129BC6866DD.html
2025-07-29,,,,,,,,,,,2025-07-29 16:02,https://ncp.mysteel.com/a/25072916/527B022079BC8249.html
2025-07-30,,,,,,,,,,,2025-07-30 16:09,https://ncp.mysteel.com/a/25073016/5A45D33D4959E28E.html
2025-07-31,,,,,,,,,,,2025-07-31 15:41,https://ncp.mysteel.com/a/25073115/EE0C76733E5B1398.html
2025-08-01,,,,,,,,,,,2025-08-01 15:51,https://ncp.mysteel.com/a/25080115/07857CFC342794AF.html
2025-08-04,,,,,,,,,,,2025-08-04 16:28,https://ncp.mysteel.com/a/25080416/C99B15E3482B9209.html
2025-08-05,,,,,,,,,,,2025-08-05 15:55,https://ncp.mysteel.com/a/25080515/F45FAD14F14BF915.html
2025-08-06,,,,,,,,,,,2025-08-06 16:00,https://ncp.mysteel.com/a/25080616/2585414CC36798BF.html
2025-08-07,,,,,,,,,,,2025-08-07 15:56,https://ncp.mysteel.com/a/25080715/5833167087A6680C.html
2025-08-08,,,,,,,,,,,2025-08-08 16:02,https://ncp.mysteel.com/a/25080816/C9083E8CE5763CB0.html
2025-08-11,,,,,,,,,,,2025-08-11 16:02,https://ncp.mysteel.com/a/25081116/D33ADC116B76358E.html
2025-08-12,,,,,,,,,,,2025-08-12 15:56,https://ncp.mysteel.com/a/25081215/41C449C1CED3691E.html
2025-08-13,,,,,,,,,,,2025-08-13 15:56,https://ncp.mysteel.com/a/25081315/4A8977496158DF74.html
2025-08-14,,,,,,,,,,,2025-08-14 15:37,https://ncp.mysteel.com/a/25081415/AE463A75B334CD53.html
2025-08-15,,,,,,,,,,,2025-08-15 15:57,https://ncp.mysteel.com/a/25081515/46F5E617E2C10D2A.html
2025-08-18,,,,,,,,,,,2025-08-18 16:02,https://ncp.mysteel.com/a/25081816/45EAA68AE0F7F119.html
2025-08-19,,,,,,,,,,,2025-08-19 16:01,https://ncp.mysteel.com/a/25081916/6E7D93209906BD0E.html
2025-08-20,,,,,,,,,,,2025-08-20 15:57,https://ncp.mysteel.com/a/25082015/901712AEC141ECF7.html
2025-08-21,,,,,,,,,,,2025-08-21 15:56,https://ncp.mysteel.com/a/25082115/DB3861D5E08940D9.html
2025-08-22,,,,,,,,,,,2025-08-22 16:09,https://ncp.mysteel.com/a/25082216/96B1A4595349951D.html
2025-08-25,,,,,,,,,,,2025-08-25 15:56,https://ncp.mysteel.com/a/25082515/A5FCC76F57411C32.html
2025-08-26,,,,,,,,,,,2025-08-26 16:02,https://ncp.mysteel.com/a/25082616/C663431F47E1DE76.html
2025-08-27,,,,,,,,,,,2025-08-27 15:56,https://ncp.mysteel.com/a/25082715/77D45323FF50E764.html
2025-08-28,,,,,,,,,,,2025-08-28 15:55,https://ncp.mysteel.com/a/25082815/541412523CE29C6E.html
2025-08-29,,,,,,,,,,,2025-08-29 16:00,https://ncp.mysteel.com/a/25082916/DCFC2371963603BF.html
2025-09-01,,,,,,,,,,,2025-09-01 16:02,https://ncp.mysteel.com/a/25090116/470669B98EB22835.html
2025-09-02,,,,,,,,,,,2025-09-02 16:02,https://ncp.mysteel.com/a/25090216/D991A352B36677F8.html
2025-09-03,,,,,,,,,,,2025-09-03 16:03,https://ncp.mysteel.com/a/25090316/89C0F5ED32FB6A7E.html
2025-09-04,,,,,,,,,,,2025-09-04 16:00,https://ncp.mysteel.com/a/25090416/6281D79DC3F7065C.html
2025-09-05,,,,,,,,,,,2025-09-05 16:02,https://ncp.mysteel.com/a/25090516/B9C1C2DA4D67F41A.html
2025-09-08,,,,,,,,,,,2025-09-08 15:58,https://ncp.mysteel.com/a/25090815/12D15416F5FBDDCD.html
2025-09-09,,,,,,,,,,,2025-09-09 16:04,https://ncp.mysteel.com/a/25090916/4B332C832CF4D4F1.html
2025-09-10,,,,,,,,,,,2025-09-10 16:02,https://ncp.mysteel.com/a/25091016/C70A2DF6B00BD8EE.html
2025-09-11,,,,,,,,,,,2025-09-11 16:00,https://ncp.mysteel.com/a/25091116/4E21C5E44B54B8AB.html
2025-09-12,,,,,,,,,,,2025-09-12 16:02,https://ncp.mysteel.com/a/25091216/C995FEC0BA13EA08.html
2025-09-15,,,,,,,,,,,2025-09-15 16:01,https://ncp.mysteel.com/a/25091516/275D1DF5FE97C6B5.html
2025-09-16,,,,,,,,,,,2025-09-16 16:03,https://ncp.mysteel.com/a/25091616/CF5658736D4F1A22.html
2025-09-17,,,,,,,,,,,2025-09-17 16:09,https://ncp.mysteel.com/a/25091716/DE355C0BBBB7AD33.html
2025-09-18,,,,,,,,,,,2025-09-18 16:09,https://ncp.mysteel.com/a/25091816/40B5F3E561268AFC.html
2025-09-19,,,,,,,,,,,2025-09-19 15:55,https://ncp.mysteel.com/a/25091915/95FFB23E4B70D46C.html
2025-09-22,,,,,,,,,,,2025-09-22 16:06,https://ncp.mysteel.com/a/25092216/3180C1F23107D6DB.html
2025-09-23,,,,,,,,,,,2025-09-23 16:05,https://ncp.mysteel.com/a/25092316/1183D84F122ABB69.html
2025-09-24,,,,,,,,,,,2025-09-24 16:25,https://ncp.mysteel.com/a/25092416/15A9A0A781BE891D.html
2025-09-25,,,,,,,,,,,2025-09-25 15:59,https://ncp.mysteel.com/a/25092515/502D1F1C6E8BA062.html
2025-09-26,,,,,,,,,,,2025-09-26 16:03,https://ncp.mysteel.com/a/25092616/F160AEA8362E59FD.html
2025-09-28,,,,,,,,,,,2025-09-28 16:07,https://ncp.mysteel.com/a/25092816/25850D0D7A0839BA.html
2025-09-29,,,,,,,,,,,2025-09-29 16:01,https://ncp.mysteel.com/a/25092916/765BCDB4897EAF1A.html
2025-09-30,,,,,,,,,,,2025-09-30 16:21,https://ncp.mysteel.com/a/25093016/F45161C09E22D9D0.html
2025-10-09,,,,,,,,,,,2025-10-09 15:51,https://ncp.mysteel.com/a/25100915/587E58A74368D78D.html
2025-10-10,,,,,,,,,,,2025-10-10 16:00,https://ncp.mysteel.com/a/25101016/30AD74DCB5D57441.html
2025-10-11,,,,,,,,,,,2025-10-11 16:06,https://ncp.mysteel.com/a/25101116/9B485B8A278ACE92.html
2025-10-13,,,,,,,,,,,2025-10-13 16:03,https://ncp.mysteel.com/a/25101316/456B1AD41780C557.html
2025-10-14,,,,,,,,,,,2025-10-14 15:54,https://ncp.mysteel.com/a/25101415/3521852113BF3BA9.html
2025-10-15,,,,,,,,,,,2025-10-15 16:03,https://ncp.mysteel.com/a/25101516/8FED069150C4C1DF.html
2025-10-16,,,,,,,,,,,2025-10-16 16:02,https://ncp.mysteel.com/a/25101616/26DC8081BDCEC59C.html
2025-10-17,,,,,,,,,,,2025-10-17 15:54,https://ncp.mysteel.com/a/25101715/6E67F8B4CE332771.html
2025-10-20,,,,,,,,,,,2025-10-20 16:00,https://ncp.mysteel.com/a/25102016/F5F8E88CD57B82D8.html
2025-10-21,,,,,,,,,,,2025-10-21 16:05,https://ncp.mysteel.com/a/25102116/70A35ABDC7662B6A.html
2025-10-22,,,,,,,,,,,2025-10-22 16:07,https://ncp.mysteel.com/a/25102216/187D052C038A8D77.html
2025-10-23,,,,,,,,,,,2025-10-23 15:52,https://ncp.mysteel.com/a/25102315/4BE9CC5E61AFB573.html
2025-10-24,,,,,,,,,,,2025-10-24 15:57,https://ncp.mysteel.com/a/25102415/B59D6F960E795255.html
2025-10-27,,,,,,,,,,,2025-10-27 16:04,https://ncp.mysteel.com/a/25102716/74C2E1C9ACB38721.html
2025-10-28,,,,,,,,,,,2025-10-28 16:03,https://ncp.mysteel.com/a/25102816/6B5CC9F5C253AE2C.html
2025-10-29,,,,,,,,,,,2025-10-29 15:51,https://ncp.mysteel.com/a/25102915/619229EDC0E88266.html
2025-10-30,,,,,,,,,,,2025-10-30 16:05,https://ncp.mysteel.com/a/25103016/1CBF89BCAF1CB7A2.html
2025-10-31,,,,,,,,,,,2025-10-31 15:43,https://ncp.mysteel.com/a/25103115/4468CB233E9D6EE0.html
2025-11-03,,,,,,,,,,,2025-11-03 16:07,https://ncp.mysteel.com/a/25110316/43B7F7CE2C95CC6D.html
2025-11-04,,,,,,,,,,,2025-11-04 16:02,https://ncp.mysteel.com/a/25110416/56948CCD2DDE62FB.html
2025-11-05,,,,,,,,,,,2025-11-05 16:06,https://ncp.mysteel.com/a/25110516/D58342876124F926.html
2025-11-06,,,,,,,,,,,2025-11-06 15:45,https://ncp.mysteel.com/a/25110615/E4DF6EEFA6ABEE47.html
2025-11-07,,,,,,,,,,,2025-11-07 15:47,https://ncp.mysteel.com/a/25110715/C95B69264A0CD86C.html
2025-11-10,,,,,,,,,,,2025-11-10 16:02,https://ncp.mysteel.com/a/25111016/12496DC1EA913509.html
2025-11-11,,,,,,,,,,,2025-11-11 16:04,https://ncp.mysteel.com/a/25111116/34E9D75FE45EB6AF.html
2025-11-12,,,,,,,,,,,2025-11-12 16:02,https://ncp.mysteel.com/a/25111216/1B6B65F733E8530F.html
2025-11-13,,,,,,,,,,,2025-11-13 15:46,https://ncp.mysteel.com/a/25111315/7A73AE13A6EACAA5.html
2025-11-14,,,,,,,,,,,2025-11-14 16:05,https://ncp.mysteel.com/a/25111416/9EC713032CD3DC22.html
2025-11-17,,,,,,,,,,,2025-11-17 15:54,https://ncp.mysteel.com/a/25111715/0454E16BAD3B607E.html
2025-11-18,,,,,,,,,,,2025-11-18 16:04,https://ncp.mysteel.com/a/25111816/8654CE06438D3134.html
2025-11-19,,,,,,,,,,,2025-11-19 16:04,https://ncp.mysteel.com/a/25111916/6268D52AB13D4E69.html
2025-11-20,,,,,,,,,,,2025-11-20 15:44,https://ncp.mysteel.com/a/25112015/712F4D9CCE815501.html
2025-11-21,,,,,,,,,,,2025-11-21 16:10,https://ncp.mysteel.com/a/25112116/98D900E3181436BB.html
2025-11-24,,,,,,,,,,,2025-11-24 16:05,https://ncp.mysteel.com/a/25112416/56CDB5363D1A89A8.html
2025-11-25,,,,,,,,,,,2025-11-25 15:59,https://ncp.mysteel.com/a/25112515/6C2BF97295F8B026.html
2025-11-26,,,,,,,,,,,2025-11-26 16:03,https://ncp.mysteel.com/a/25112616/237E0643DF9F10E4.html
2025-11-27,,,,,,,,,,,2025-11-27 16:01,https://ncp.mysteel.com/a/25112716/680B24E205369D35.html
2025-11-28,,,,,,,,,,,2025-11-28 16:05,https://ncp.mysteel.com/a/25112816/9A43473EC605646A.html
2025-12-01,,,,,,,,,,,2025-12-01 16:04,https://ncp.mysteel.com/a/25120116/A7ED5EE837967FA5.html
2025-12-02,,,,,,,,,,,2025-12-02 15:55,https://ncp.mysteel.com/a/25120215/79F937DE3FD777D9.html
2025-12-03,,,,,,,,,,,2025-12-03 16:10,https://ncp.mysteel.com/a/25120316/5423C5FD8EB903F6.html
2025-12-04,,,,,,,,,,,2025-12-04 15:56,https://ncp.mysteel.com/a/25120415/B7B50DFB9C6C3A5F.html
2025-12-05,,,,,,,,,,,2025-12-05 15:55,https://ncp.mysteel.com/a/25120515/BB576F6562C1936F.html
2025-12-08,,,,,,,,,,,2025-12-08 16:12,https://ncp.mysteel.com/a/25120816/FD2D594E954326E2.html
2025-12-09,,,,,,,,,,,2025-12-09 15:59,https://ncp.mysteel.com/a/25120915/6B8D940CD6CEADA2.html
2025-12-10,,,,,,,,,,,2025-12-10 16:02,https://ncp.mysteel.com/a/25121016/E8E949ABF60B20AA.html
2025-12-11,,,,,,,,,,,2025-12-11 16:02,https://ncp.mysteel.com/a/25121116/4CFE2575BA1F11DC.html
2025-12-12,,,,,,,,,,,2025-12-12 16:01,https://ncp.mysteel.com/a/25121216/A54F619673B1DB0F.html
2025-12-15,,,,,,,,,,,2025-12-15 16:03,https://ncp.mysteel.com/a/25121516/1C945B7ECDAAB846.html
2025-12-16,,,,,,,,,,,2025-12-16 16:01,https://ncp.mysteel.com/a/25121616/D5D6E94591F24563.html
2025-12-17,,,,,,,,,,,2025-12-17 16:00,https://ncp.mysteel.com/a/25121716/BFDE1D9B94180DAE.html
2025-12-18,,,,,,,,,,,2025-12-18 15:52,https://ncp.mysteel.com/a/25121815/F78023EC59506202.html
2025-12-19,,,,,,,,,,,2025-12-19 16:03,https://ncp.mysteel.com/a/25121916/04DDE8BD669A76E3.html
2025-12-22,,,,,,,,,,,2025-12-22 16:11,https://ncp.mysteel.com/a/25122216/500E695D0A378E3D.html
2025-12-23,,,,,,,,,,,2025-12-23 16:00,https://ncp.mysteel.com/a/25122316/A8896B3BD3D5F96A.html
2025-12-24,,,,,,,,,,,2025-12-24 15:57,https://ncp.mysteel.com/a/25122415/6028391A67C7108B.html
2025-12-25,,,,,,,,,,,2025-12-25 16:08,https://ncp.mysteel.com/a/25122516/4F863065F48BAD32.html
2025-12-26,,,,,,,,,,,2025-12-26 16:00,https://ncp.mysteel.com/a/25122616/1D3C3C8F4CE68AE8.html
2025-12-29,,,,,,,,,,,2025-12-29 16:14,https://ncp.mysteel.com/a/25122916/A3233DEFBB464C0A.html
2025-12-30,,,,,,,,,,,2025-12-30 17:14,https://ncp.mysteel.com/a/25123017/F01DE9ED5B99FA60.html
2025-12-31,,,,,,,,,,,2025-12-31 15:48,https://ncp.mysteel.com/a/25123115/771DAD9F8E343A93.html
2026-01-04,,,,,,,,,,,2026-01-04 16:06,https://ncp.mysteel.com/a/26010416/CDDC46965FFC8BFA.html
2026-01-05,,,,,,,,,,,2026-01-05 16:03,https://ncp.mysteel.com/a/26010516/7EACDD614918CAC5.html
2026-01-06,,,,,,,,,,,2026-01-06 16:47,https://ncp.mysteel.com/a/26010616/EFE36822911B58B5.html
2026-01-07,,,,,,,,,,,2026-01-07 16:30,https://ncp.mysteel.com/a/26010716/9F432408CECF86AE.html
2026-01-08,,,,,,,,,,,2026-01-08 16:09,https://ncp.mysteel.com/a/26010816/75452EE694A5E2B8.html
2026-01-09,,,,,,,,,,,2026-01-09 16:02,https://ncp.mysteel.com/a/26010916/A810848B57D12804.html
2026-01-12,,,,,,,,,,,2026-01-12 16:04,https://ncp.mysteel.com/a/26011216/5DB769B909DBC44C.html
2026-01-13,,,,,,,,,,,2026-01-13 16:24,https://ncp.mysteel.com/a/26011316/F22AB8C42BF6D10F.html
2026-01-14,,,,,,,,,,,2026-01-14 16:47,https://ncp.mysteel.com/a/26011416/893D0DCAE8F54D95.html
2026-01-15,,,,,,,,,,,2026-01-15 16:13,https://ncp.mysteel.com/a/26011516/720974F7FF581106.html
2026-01-16,,,,,,,,,,,2026-01-16 16:51,https://ncp.mysteel.com/a/26011616/644A7DE493EA50E2.html
2026-01-19,,,,,,,,,,,2026-01-19 16:21,https://ncp.mysteel.com/a/26011916/8DAD30576167196A.html
2026-01-20,,,,,,,,,,,2026-01-20 16:11,https://ncp.mysteel.com/a/26012016/7EA986E1841DE0F9.html
2026-01-21,,,,,,,,,,,2026-01-21 16:13,https://ncp.mysteel.com/a/26012116/9CF1B36E96F9C016.html
2026-01-22,,,,,,,,,,,2026-01-22 15:55,https://ncp.mysteel.com/a/26012215/E97C594E82787A76.html
2026-01-23,,,,,,,,,,,2026-01-23 16:40,https://ncp.mysteel.com/a/26012316/1650ECC2824A44EB.html
2026-01-26,,,,,,,,,,,2026-01-26 16:02,https://ncp.mysteel.com/a/26012616/9DA6F074316AC3E8.html
2026-01-27,,,,,,,,,,,2026-01-27 15:56,https://ncp.mysteel.com/a/26012715/5C1E1D345122471C.html
2026-01-28,,,,,,,,,,,2026-01-28 15:59,https://ncp.mysteel.com/a/26012815/14F0DDA72820C0D0.html
2026-01-29,,,,,,,,,,,2026-01-29 15:57,https://ncp.mysteel.com/a/26012915/D00EA41F257DA7A9.html
2026-01-30,,,,,,,,,,,2026-01-30 16:01,https://ncp.mysteel.com/a/26013016/104FE65BC914F9AB.html
2026-02-02,,,,,,,,,,,2026-02-02 16:03,https://ncp.mysteel.com/a/26020216/28BC80CAD264593F.html
2026-02-03,,,,,,,,,,,2026-02-03 15:46,https://ncp.mysteel.com/a/26020315/96CF3B141562E96D.html
2026-02-04,,,,,,,,,,,2026-02-04 15:53,https://ncp.mysteel.com/a/26020415/9E403529B735104A.html
2026-02-05,,,,,,,,,,,2026-02-05 16:20,https://ncp.mysteel.com/a/26020516/121DEADCDD88BA96.html
2026-02-06,,,,,,,,,,,2026-02-06 16:01,https://ncp.mysteel.com/a/26020616/2FE6B60FFD278EF7.html
2026-02-09,,,,,,,,,,,2026-02-09 15:47,https://ncp.mysteel.com/a/26020915/0F35FA636E67BAFF.html
2026-02-10,,,,,,,,,,,2026-02-10 15:41,https://ncp.mysteel.com/a/26021015/2EC0A588EAFEA4DE.html
2026-02-11,,,,,,,,,,,2026-02-11 16:07,https://ncp.mysteel.com/a/26021116/1987C1747E693622.html
2026-02-12,,,,,,,,,,,2026-02-12 16:01,https://ncp.mysteel.com/a/26021216/9089AB3D2EDD51CA.html
2026-02-13,,,,,,,,,,,2026-02-13 15:08,https://ncp.mysteel.com/a/26021315/70B529D10A2795B5.html
2026-02-14,,,,,,,,,,,2026-02-14 15:30,https://ncp.mysteel.com/a/26021409/B76F80D4C2D854E3.html
2026-02-24,,,,,,,,,,,2026-02-24 15:56,https://ncp.mysteel.com/a/26022415/FF34AEEB6EA3B884.html
2026-02-25,,,,,,,,,,,2026-02-25 16:04,https://ncp.mysteel.com/a/26022516/E4AAC4B3FB8F3AFA.html
2026-02-26,,,,,,,,,,,2026-02-26 15:53,https://ncp.mysteel.com/a/26022615/A00B49FD3EAB2684.html
2026-02-27,,,,,,,,,,,2026-02-27 15:52,https://ncp.mysteel.com/a/26022715/1ABAE583A09C36E7.html
2026-02-28,,,,,,,,,,,2026-02-28 15:42,https://ncp.mysteel.com/a/26022815/714E326967506077.html
2026-03-02,,,,,,,,,,,2026-03-02 16:04,https://ncp.mysteel.com/a/26030216/08E3DEBF9F783C7D.html
2026-03-03,,,,,,,,,,,2026-03-03 15:51,https://ncp.mysteel.com/a/26030315/D0056AAC261BF58E.html
2026-03-04,,,,,,,,,,,2026-03-04 15:45,https://ncp.mysteel.com/a/26030415/AA40EB0CC8491F6D.html
2026-03-05,,,,,,,,,,,2026-03-05 15:52,https://ncp.mysteel.com/a/26030515/D62C35C7545EDEA5.html
2026-03-06,,,,,,,,,,,2026-03-06 16:23,https://ncp.mysteel.com/a/26030616/DBE92ACC58BF779E.html
2026-03-09,,,,,,,,,,,2026-03-09 16:04,https://ncp.mysteel.com/a/26030916/F523B252DB081AEA.html
2026-03-10,,,,,,,,,,,2026-03-10 16:02,https://ncp.mysteel.com/a/26031016/4D3921806580A870.html
2026-03-11,,,,,,,,,,,2026-03-11 15:48,https://ncp.mysteel.com/a/26031115/BC8526FD17BD31F0.html
2026-03-12,,,,,,,,,,,2026-03-12 15:55,https://ncp.mysteel.com/a/26031215/FD01FC9F1C2B91EE.html
2026-03-13,,,,,,,,,,,2026-03-13 15:28,https://ncp.mysteel.com/a/26031315/785FADF04568900D.html
2026-03-16,,,,,,,,,,,2026-03-16 15:54,https://ncp.mysteel.com/a/26031615/32520895D74EFA37.html
2026-03-17,,,,,,,,,,,2026-03-17 16:04,https://ncp.mysteel.com/a/26031716/E6DE855D39980F77.html
2026-03-18,,,,,,,,,,,2026-03-18 16:02,https://ncp.mysteel.com/a/26031816/D1344B7EC55424FB.html
2026-03-19,,,,,,,,,,,2026-03-19 15:51,https://ncp.mysteel.com/a/26031915/80AE9359D99DC280.html
2026-03-20,,,,,,,,,,,2026-03-20 16:04,https://ncp.mysteel.com/a/26032016/0F139E34ACF5EC7B.html
2026-03-23,,,,,,,,,,,2026-03-23 16:08,https://ncp.mysteel.com/a/26032316/FD11A1BBE9982D4F.html
2026-03-24,,,,,,,,,,,2026-03-24 16:01,https://ncp.mysteel.com/a/26032416/47D8DF8F5FA791F0.html
2026-03-25,,,,,,,,,,,2026-03-25 16:00,https://ncp.mysteel.com/a/26032516/91ED0782B5753BBC.html
2026-03-26,,,,,,,,,,,2026-03-26 15:57,https://ncp.mysteel.com/a/26032615/F3BD6B030C684115.html
2026-03-27,,,,,,,,,,,2026-03-27 16:06,https://ncp.mysteel.com/a/26032716/06FAD3399D939F8C.html
2026-03-30,,,,,,,,,,,2026-03-30 16:25,https://ncp.mysteel.com/a/26033016/65A59311FC2E4C64.html
2026-03-31,,,,,,,,,,,2026-03-31 15:52,https://ncp.mysteel.com/a/26033115/DEE7C78807A3BCBB.html
2026-04-01,,,,,,,,,,,2026-04-01 15:56,https://ncp.mysteel.com/a/26040115/B35A626BFA9FAD44.html
2026-04-02,,,,,,,,,,,2026-04-02 15:54,https://ncp.mysteel.com/a/26040215/867A0997B9672F8A.html
2026-04-03,,,,,,,,,,,2026-04-03 15:57,https://ncp.mysteel.com/a/26040315/C67E3B014A29B62A.html
2026-04-07,,,,,,,,,,,2026-04-07 15:54,https://ncp.mysteel.com/a/26040715/7FA6ADD92E9AD977.html
2026-04-08,,,,,,,,,,,2026-04-08 15:57,https://ncp.mysteel.com/a/26040815/FE8B4A75F9F4A2F0.html
2026-04-09,,,,,,,,,,,2026-04-09 16:03,https://ncp.mysteel.com/a/26040916/20F782545FA27A1A.html
2026-04-10,,,,,,,,,,,2026-04-10 16:02,https://ncp.mysteel.com/a/26041016/5BE466DC8FA2A90F.html
2026-04-13,,,,,,,,,,,2026-04-13 15:54,https://ncp.mysteel.com/a/26041315/E0FF87A79105081F.html
2026-04-14,,,,,,,,,,,2026-04-14 16:00,https://ncp.mysteel.com/a/26041416/BE8117A1F6EF923C.html
2026-04-15,,,,,,,,,,,2026-04-15 15:58,https://ncp.mysteel.com/a/26041515/0FF01EE5293E3901.html
2026-04-16,,,,,,,,,,,2026-04-16 15:40,https://ncp.mysteel.com/a/26041615/369DA24B7BD877F0.html
2026-04-17,,,,,,,,,,,2026-04-17 16:02,https://ncp.mysteel.com/a/26041716/73DEE38BFE7A09DF.html
2026-04-20,,,,,,,,,,,2026-04-20 16:08,https://ncp.mysteel.com/a/26042016/718A4EAA8DE95B3C.html
2026-04-21,,,,,,,,,,,2026-04-21 16:03,https://ncp.mysteel.com/a/26042116/BAA0463428969890.html
2026-04-22,,,,,,,,,,,2026-04-22 15:58,https://ncp.mysteel.com/a/26042215/E2635EA5DBAC15BC.html
2026-04-23,,,,,,,,,,,2026-04-23 15:57,https://ncp.mysteel.com/a/26042315/C2B7C1FDC86F24FF.html
2026-04-24,,,,,,,,,,,2026-04-24 15:57,https://ncp.mysteel.com/a/26042415/0551213C91689AA9.html
2026-04-27,,,,,,,,,,,2026-04-27 16:03,https://ncp.mysteel.com/a/26042716/789E1D87864BBB85.html
2026-04-28,,,,,,,,,,,2026-04-28 16:09,https://ncp.mysteel.com/a/26042816/C7C1929221ED3556.html
2026-04-29,,,,,,,,,,,2026-04-29 15:57,https://ncp.mysteel.com/a/26042915/39DEAB047D5DD82D.html
2026-04-30,,,,,,,,,,,2026-04-30 16:10,https://ncp.mysteel.com/a/26043016/69A893EC6A6EF320.html
2026-05-06,,,,,,,,,,,2026-05-06 16:46,https://ncp.mysteel.com/a/26050616/1EA1557D4332800D.html
2026-05-07,,,,,,,,,,,2026-05-07 15:57,https://ncp.mysteel.com/a/26050715/E2E974E016A21424.html
2026-05-08,,,,,,,,,,,2026-05-08 16:00,https://ncp.mysteel.com/a/26050816/F505F4CC67C2E8FD.html
2026-05-09,,,,,,,,,,,2026-05-09 15:56,https://ncp.mysteel.com/a/26050915/A50AE304909C0294.html
2026-05-11,,,,,,,,,,,2026-05-11 16:01,https://ncp.mysteel.com/a/26051116/01C443D84600D085.html
2026-05-12,,,,,,,,,,,2026-05-12 15:56,https://ncp.mysteel.com/a/26051215/E739174E267579C6.html
2026-05-13,,,,,,,,,,,2026-05-13 15:57,https://ncp.mysteel.com/a/26051315/26E032F3034764BB.html
2026-05-14,,,,,,,,,,,2026-05-14 16:19,https://ncp.mysteel.com/a/26051416/061F36B48B12BF6D.html
2026-05-15,,,,,,,,,,,2026-05-15 16:02,https://ncp.mysteel.com/a/26051516/3D7C87CE3465A80F.html
2026-05-18,,,,,,,,,,,2026-05-18 16:37,https://ncp.mysteel.com/a/26051816/5F0380425F6DC145.html
2026-05-19,,,,,,,,,,,2026-05-19 16:05,https://ncp.mysteel.com/a/26051916/6BAC387C635DAB7E.html
2026-05-20,,,,,,,,,,,2026-05-20 15:46,https://ncp.mysteel.com/a/26052015/8FE085221B1B4E91.html
2026-05-21,,,,,,,,,,,2026-05-21 15:59,https://ncp.mysteel.com/a/26052115/99C113A44BEE15D0.html
2026-05-22,,,,,,,,,,,2026-05-22 15:56,https://ncp.mysteel.com/a/26052215/8D8D14D7EE9363F0.html
2026-05-25,,,,,,,,,,,2026-05-25 16:06,https://ncp.mysteel.com/a/26052516/428FD78ECC3D213A.html
2026-05-26,,,,,,,,,,,2026-05-26 15:55,https://ncp.mysteel.com/a/26052615/AE584AA81EE8D581.html
2026-05-27,,,,,,,,,,,2026-05-27 15:52,https://ncp.mysteel.com/a/26052715/6B7B1239EADCA3D3.html
2026-05-28,,,,,,,,,,,2026-05-28 15:52,https://ncp.mysteel.com/a/26052815/FBF57D000C57DD9D.html
2026-05-29,,,,,,,,,,,2026-05-29 16:15,https://ncp.mysteel.com/a/26052916/19C21F7E3757106E.html
2026-06-01,,,,,,,,,,,2026-06-01 15:41,https://ncp.mysteel.com/a/26060115/DC0CC18362DF6D29.html
2026-06-02,,,,,,,,,,,2026-06-02 15:53,https://ncp.mysteel.com/a/26060215/59E688D658117C4A.html
2026-06-03,,,,,,,,,,,2026-06-03 15:54,https://ncp.mysteel.com/a/26060315/A244D71A717D9251.html
2026-06-04,,,,,,,,,,,2026-06-04 15:40,https://ncp.mysteel.com/a/26060415/1B623A02D6087BB1.html
2026-06-05,,,,,,,,,,,2026-06-05 16:07,https://ncp.mysteel.com/a/26060516/2CF1D7FE415BECBC.html
2026-06-08,,,,,,,,,,,2026-06-08 17:00,https://ncp.mysteel.com/a/26060817/6DB0314736E9DCE1.html
2026-06-09,,,,,,,,,,,2026-06-09 16:48,https://ncp.mysteel.com/a/26060916/5E80C1170342C3E3.html
2026-06-10,,,,,,,,,,,2026-06-10 15:56,https://ncp.mysteel.com/a/26061015/A1F36D950FE596AB.html
2026-06-11,,,,,,,,,,,2026-06-11 15:55,https://ncp.mysteel.com/a/26061115/0ADFFE34DF9F77DE.html
2026-06-12,,,,,,,,,,,2026-06-12 15:40,https://ncp.mysteel.com/a/26061215/707F012D3A5992B1.html
2026-06-15,,,,,,,,,,,2026-06-15 16:17,https://ncp.mysteel.com/a/26061516/C89AB58B433C4A55.html
2026-06-16,,,,,,,,,,,2026-06-16 15:53,https://ncp.mysteel.com/a/26061615/87DB40BCC372F5DB.html
2026-06-17,,,,,,,,,,,2026-06-17 16:04,https://ncp.mysteel.com/a/26061716/57595BCD2B5EE694.html
2026-06-18,,,,,,,,,,,2026-06-18 16:02,https://ncp.mysteel.com/a/26061816/484A3D4E12364081.html
2026-06-22,,,,,,,,,,,2026-06-22 16:24,https://ncp.mysteel.com/a/26062216/9C0EB45ABFFFBE26.html
2026-06-23,,,,,,,,,,,2026-06-23 16:00,https://ncp.mysteel.com/a/26062316/9E7144601905B90B.html
2026-06-24,,,,,,,,,,,2026-06-24 15:57,https://ncp.mysteel.com/a/26062415/C68CA96F14DA28C6.html
2026-06-25,,,,,,,,,,,2026-06-25 16:07,https://ncp.mysteel.com/a/26062516/A9AB52EC044A4E5F.html
2026-06-26,,,,,,,,,,,2026-06-26 15:55,https://ncp.mysteel.com/a/26062615/DAF9030049E4DEF2.html
2026-06-29,,,,,,,,,,,2026-06-29 16:10,https://ncp.mysteel.com/a/26062916/D00426FA70A5D79A.html
2026-06-30,,,,,,,,,,,2026-06-30 15:43,https://ncp.mysteel.com/a/26063015/C6BE04CFB7E70571.html
2026-07-01,,,,,,,,,,,2026-07-01 16:00,https://ncp.mysteel.com/a/26070116/EBF3BC0AC2C1B359.html
2026-07-02,,,,,,,,,,,2026-07-02 15:49,https://ncp.mysteel.com/a/26070215/4A397A355F2CF400.html
2026-07-03,2800,,,,2910,,2820,,2820,,2026-07-03 15:56,https://ncp.mysteel.com/a/26070315/4F879EA4F9F17F1F.html
2026-07-06,2850,,,,,,,,,,2026-07-06 15:58,https://ncp.mysteel.com/a/26070615/A599A10BB31F75C4.html
2026-07-07,,,,,,,,,,,2026-07-07 15:54,https://ncp.mysteel.com/a/26070715/27E93E2D4392F18C.html
2026-07-08,2870,-181,,-71,2970,-81,2890,-161,2860,-191,2026-07-08 15:55,https://ncp.mysteel.com/a/26070815/6F5EB8C3DE0FC46E.html
2026-07-09,2870,,,,2980,,2880,,2880,,2026-07-09 15:57,https://ncp.mysteel.com/a/26070915/82E85EE36F4EAA23.html
2026-07-10,,,,,,,,,,,2026-07-10 16:00,https://ncp.mysteel.com/a/26071016/2D4114681E4C0187.html
2026-07-13,2870,,,,3000,,2900,,2860,,2026-07-13 16:11,https://ncp.mysteel.com/a/26071316/E4E0D8E740237BEE.html
2026-07-14,,,,,2980,,,,,,2026-07-14 15:57,https://ncp.mysteel.com/a/26071415/1028EAB74D4F4BEA.html
2026-07-15,,,,,,,,,,,2026-07-15 15:57,https://ncp.mysteel.com/a/26071515/6EE6A2C537B70C35.html
2026-07-16,2890,,,,2990,,2900,,2870,,2026-07-16 15:49,https://ncp.mysteel.com/a/26071615/1EA32A82C83A2BD7.html
2026-07-17,,,,,,,,,,,2026-07-17 15:57,https://ncp.mysteel.com/a/26071715/7BB0104ADFB235D6.html
2026-07-20,2940,,,,3000,,2930,,2900,,2026-07-20 16:08,https://ncp.mysteel.com/a/26072016/66CF8F0EDF40956E.html
2026-07-21,2950,,,,,,,,,,2026-07-21 15:41,https://ncp.mysteel.com/a/26072115/A797EA5B175E37FA.html
2026-07-22,2970,,,,3050,,2980,,2960,,2026-07-22 16:03,https://ncp.mysteel.com/a/26072216/674759C5D1ABC1AB.html
2026-07-23,2990,,,,3090,,3010,,3010,,2026-07-23 15:53,https://ncp.mysteel.com/a/26072315/8F5D7FBFB6CEEE0F.html
2026-07-24,3030,,,,3080,,3040,,3020,,2026-07-24 16:16,https://ncp.mysteel.com/a/26072416/B42A28377754EEF7.html
2026-07-27,,,,,3250,,,,,,2026-07-27 15:59,https://ncp.mysteel.com/a/26072715/FFF816F6B4675A08.html
2026-07-28,2980,,,,3100,,3000,,3000,,2026-07-28 16:00,https://ncp.mysteel.com/a/26072816/C4B8C4AA1EB40591.html
2026-07-29,,,,,3080,,,,,,2026-07-29 16:01,https://ncp.mysteel.com/a/26072916/72003E649DF588D8.html
2026-07-30,2960,,3080,,3040,,2980,,2990,,2026-07-30 15:30,https://ncp.mysteel.com/a/26073015/51FA6677A4DCA5C4.html
2026-07-31,,,,,3050,,,,,,2026-07-31 15:41,https://ncp.mysteel.com/a/26073115/3A24593D27114D77.html
2026-08-03,2980,,,,3050,,2980,,2980,,2026-08-03 16:06,https://ncp.mysteel.com/a/26080316/35EC6CD71E44771F.html
2026-08-04,,,3085,,,,2990,,,,2026-08-04 15:46,https://ncp.mysteel.com/a/26080415/4C652149D9B3E5B1.html
2026-08-05,2990,,3090,,3060,,2970,,2990,,2026-08-05 15:44,https://ncp.mysteel.com/a/26080515/D4810EDCA573AA8C.html
2026-08-06,,,,,,,,,,,2026-08-06 15:46,https://ncp.mysteel.com/a/26080615/5FBAA43565F01563.html
2026-08-07,3070,,,,3070,,,,,,2026-08-07 16:17,https://ncp.mysteel.com/a/26080716/439E1FEBC27CF39A.html
2026-08-10,2990,,,,3060,,3000,,3020,,2026-08-10 15:47,https://ncp.mysteel.com/a/26081015/1A9F361461CF86F4.html
2026-08-11,2990,,3110,,3060,,3000,,3020,,2026-08-11 15:40,https://ncp.mysteel.com/a/26081115/CD5C13EA83AC4483.html
2026-08-12,,,,,,,,,,,2026-08-12 15:45,https://ncp.mysteel.com/a/26081215/E34AE414145C246E.html
2026-08-13,2990,,3140,,3070,,3030,,3050,,2026-08-13 15:52,https://ncp.mysteel.com/a/26081315/0BE67737771193E4.html
2026-08-14,3000,,,,3045,,3005,,3020,,2026-08-14 15:42,https://ncp.mysteel.com/a/26081415/9C7367A3AFF7FAA4.html
2026-08-17,3020,,,,3060,,3030,,3060,,2026-08-17 15:46,https://ncp.mysteel.com/a/26081715/F6659BC0ED769CEB.html
2026-08-18,,,,,3110,,,,,,2026-08-18 15:54,https://ncp.mysteel.com/a/26081815/40E62A0294A9BEFD.html
2026-08-19,,,,,,,,,,,2026-08-19 15:50,https://ncp.mysteel.com/a/26081915/FDD18531A77D19C5.html
2026-08-20,3100,,,,3130,,3120,,3130,,2026-08-20 15:37,https://ncp.mysteel.com/a/26082015/60B571A760507C8F.html
2026-08-21,3070,,,,3130,,3080,,3110,,2026-08-21 15:49,https://ncp.mysteel.com/a/26082115/B8928B234F59627C.html
2026-08-24,,,,,3120,,3085,,,,2026-08-24 15:52,https://ncp.mysteel.com/a/26082415/33A23CEC0AD919E9.html
2026-08-25,,,3200,,3110,,,,3090,,2026-08-25 15:46,https://ncp.mysteel.com/a/26082515/179961B3A1D728F1.html
2026-08-26,,,,,,,,,,,2026-08-26 16:04,https://ncp.mysteel.com/a/26082616/D56EE161058F4545.html
2026-08-27,,,,,,,,,,,2026-08-27 16:01,https://ncp.mysteel.com/a/26082716/D2985B38AAAB5E97.html
2026-08-28,,,,,,,,,,,2026-08-28 15:41,https://ncp.mysteel.com/a/26082815/0C3EA27635F50932.html
2026-08-31,3200,,3350,,3210,,3190,,3240,,2026-08-31 15:51,https://ncp.mysteel.com/a/26083115/6F1A2D8702AE50B3.html
2026-09-01,,-147,,-37,,-137,,-167,,-127,2026-09-01 15:48,https://ncp.mysteel.com/a/26090115/6B6ECEFB567266A1.html
2026-09-02,3220,,,,3260,,3250,,3250,,2026-09-02 15:57,https://ncp.mysteel.com/a/26090215/5F82BF3634B05B8F.html
2026-09-03,3230,,,,5500,,3230,,3280,,2026-09-03 15:48,https://ncp.mysteel.com/a/26090315/7C261CC9DEF68BBF.html
2026-09-04,,,,,,,,,,,2026-09-04 17:16,https://ncp.mysteel.com/a/26090417/DCCA90543F6EA15C.html
2026-09-07,,,,,,,,,,,2026-09-07 15:58,https://ncp.mysteel.com/a/26090715/B8DC306423F1D4DB.html
2026-09-08,,,,,,,,,,,2026-09-08 15:55,https://ncp.mysteel.com/a/26090815/1B2A48E2ACCC92DF.html
2026-09-09,,,,,,,,,,,2026-09-09 15:47,https://ncp.mysteel.com/a/26090915/4FD953E08A471F43.html
2026-09-10,3270,,3400,,3300,,3250,,3270,,2026-09-10 16:07,https://ncp.mysteel.com/a/26091016/8C0EAEEC528D0B10.html
2026-09-11,,,3450,48,3360,,,,,,2026-09-11 15:49,https://ncp.mysteel.com/a/26091115/84FC27EEB1CC155B.html
2026-09-14,,,,,,,,,,,2026-09-14 16:38,https://ncp.mysteel.com/a/26091416/66A3DD086E6A4496.html
2026-09-15,,,,,,,,,,,2026-09-15 15:55,https://ncp.mysteel.com/a/26091515/821EFED6BF197660.html
2026-09-16,3370,,3470,,3390,,3320,,3310,,2026-09-16 16:05,https://ncp.mysteel.com/a/26091616/EFC4288CB7E020B0.html
2026-09-17,,,3520,43,3430,,3380,,,,2026-09-17 15:54,https://ncp.mysteel.com/a/26091715/66105907C8645E74.html
2026-09-18,,,3480,83,,23,3310,-87,3340,,2026-09-18 15:49,https://ncp.mysteel.com/a/26091815/C0ADF803FB3A239F.html
2026-09-20,3300,,3440,,3380,,3310,,3290,,2026-09-20 15:53,https://ncp.mysteel.com/a/26092015/555AA9E60AD60802.html
2026-09-21,3310,,3440,,3360,,3320,,3320,,2026-09-21 15:42,https://ncp.mysteel.com/a/26092115/E24326D2D9C1BC47.html
2026-09-22,3320,,3450,,3360,,3330,,3330,,2026-09-22 16:22,https://ncp.mysteel.com/a/26092216/A05AE36F05E086E0.html
2026-09-23,3310,,3450,,3360,,3330,,3320,,2026-09-23 16:27,https://ncp.mysteel.com/a/26092316/43F8737D963175C4.html
2026-09-24,,,,,3350,,,,,,2026-09-24 15:41,https://ncp.mysteel.com/a/26092415/68A44E0E02C8A10F.html
2026-09-28,3320,-43,3470,107,3360,-3,3320,-43,3320,-43,2026-09-28 15:42,https://ncp.mysteel.com/a/26092815/9CAC80E0C894D645.html
2026-09-29,3290,-69,3450,91,3320,-39,3300,-59,3300,-59,2026-09-29 15:42,https://ncp.mysteel.com/a/26092915/130C199091972AB4.html
2026-09-30,3310,,3470,,3340,,3310,,3310,,2026-09-30 15:42,https://ncp.mysteel.com/a/26093015/EC6B04E78A91BCA1.html
2026-10-08,3340,,3480,,3380,,3320,,3330,,2026-10-08 15:53,https://ncp.mysteel.com/a/26100815/2118789C3385B41C.html
2026-10-09,3340,-62,3480,78,3380,-22,3340,-62,3330,-72,2026-10-09 15:44,https://ncp.mysteel.com/a/26100915/330A38AC291F7D63.html
